date,Company Name,Symbol,author,Sector,expected_return,actual_return,year
2023-10-13,allcargo gati limited,ACLGATI,Edelweiss,Healthcare,58.7516960651289,0.0343897505057315,2023
2023-11-17,allcargo gati limited,ACLGATI,Edelweiss,Healthcare,64.8718900854066,0.0155555555555555,2023
2023-12-27,allcargo gati limited,ACLGATI,Edelweiss,Healthcare,78.67203219315896,0.0324129651860744,2023
2024-02-07,allcargo gati limited,ACLGATI,Edelweiss,Healthcare,43.556280587275694,-0.0473684210526315,2024
2024-05-21,allcargo gati limited,ACLGATI,Edelweiss,Healthcare,51.27610208816705,-0.0583333333333333,2024
2022-10-10,allcargo gati limited,ACLGATI,Hem Securities,Healthcare,27.919911012235808,-0.0199445983379501,2022
2016-04-28,allcargo gati limited,ACLGATI,ICICI Securities Limited,Healthcare,25.47051442910917,-0.0388795986622072,2016
2016-08-08,allcargo gati limited,ACLGATI,ICICI Securities Limited,Healthcare,19.868145040455502,-0.1667659321024419,2016
2016-11-09,allcargo gati limited,ACLGATI,ICICI Securities Limited,Healthcare,28.654970760233915,-0.1039252336448598,2016
2017-02-09,allcargo gati limited,ACLGATI,ICICI Securities Limited,Healthcare,22.649223221586265,-0.0234343434343434,2017
2017-05-10,allcargo gati limited,ACLGATI,ICICI Securities Limited,Healthcare,11.982082866741331,0.0191176470588234,2017
2017-11-20,allcargo gati limited,ACLGATI,ICICI Securities Limited,Healthcare,10.20263064344116,-0.0871225269003818,2017
2018-02-09,allcargo gati limited,ACLGATI,ICICI Securities Limited,Healthcare,15.78044596912522,-0.0389830508474575,2018
2018-06-01,allcargo gati limited,ACLGATI,ICICI Securities Limited,Healthcare,28.06830309498399,-0.0401691331923889,2018
2018-08-14,allcargo gati limited,ACLGATI,ICICI Securities Limited,Healthcare,15.810674723061432,-0.0064070970921636,2018
2019-01-28,allcargo gati limited,ACLGATI,ICICI Securities Limited,Healthcare,4.675505931611994,-0.0091549295774648,2019
2019-05-30,allcargo gati limited,ACLGATI,ICICI Securities Limited,Healthcare,18.012422360248447,-0.1073867163252637,2019
2022-06-21,allcargo gati limited,ACLGATI,ICICI Securities Limited,Healthcare,118.84498480243164,0.003690036900369,2022
2022-11-04,allcargo gati limited,ACLGATI,ICICI Securities Limited,Healthcare,25.391849529780576,-0.0627828054298643,2022
2023-02-10,allcargo gati limited,ACLGATI,ICICI Securities Limited,Healthcare,33.48588863463006,-0.1060549078600977,2023
2023-05-23,allcargo gati limited,ACLGATI,ICICI Securities Limited,Healthcare,21.542330259849123,-0.035,2023
2015-04-30,allcargo gati limited,ACLGATI,Karvy,Healthcare,58.144175604889,0.0254572417202173,2015
2022-01-10,allcargo gati limited,ACLGATI,Monarch Networth Capital Limited,Healthcare,14.01917595231926,0.0580611715914981,2022
2015-02-12,aurionpro solutions limited,AURIONPRO,BOB Capital Markets Ltd.,Finance,72.88444040036397,-0.0374644733442424,2015
2023-12-19,aurionpro solutions limited,AURIONPRO,Ventura,Finance,41.90916240660636,0.0805145631067961,2023
2021-08-03,borosil limited,BOROLTD,Monarch Networth Capital Limited,Healthcare,34.018315836497656,-0.0473555390018091,2021
2021-11-17,borosil limited,BOROLTD,Monarch Networth Capital Limited,Healthcare,13.999088007295946,-0.0141446777957278,2021
2022-02-10,borosil limited,BOROLTD,Monarch Networth Capital Limited,Healthcare,33.86149433137549,0.029648705758056,2022
2022-05-12,borosil limited,BOROLTD,Monarch Networth Capital Limited,Healthcare,41.309467734338206,0.0091521789078654,2022
2022-08-10,borosil limited,BOROLTD,Monarch Networth Capital Limited,Healthcare,46.37702288963406,0.0057406888826658,2022
2023-02-13,borosil limited,BOROLTD,Monarch Networth Capital Limited,Healthcare,50.99925980754997,0.0152048030125403,2023
2023-11-13,borosil limited,BOROLTD,Monarch Networth Capital Limited,Healthcare,37.60904287996068,-0.037080754282424,2023
2021-02-19,camlin fine sciences limited,CAMLINFINE,Axis Direct,Technology,32.365499573014525,0.1328847771236331,2021
2021-05-17,camlin fine sciences limited,CAMLINFINE,Axis Direct,Technology,7.445255474452554,-0.0034682080924855,2021
2021-06-01,camlin fine sciences limited,CAMLINFINE,Axis Direct,Technology,19.113573407202217,-0.0449035812672176,2021
2021-09-20,camlin fine sciences limited,CAMLINFINE,Axis Direct,Technology,27.90005948839977,0.1059171597633136,2021
2022-09-19,camlin fine sciences limited,CAMLINFINE,Axis Direct,Technology,11.57495256166983,-0.1002260738507911,2022
2022-11-16,camlin fine sciences limited,CAMLINFINE,Axis Direct,Technology,23.81883349625286,0.0231421121251628,2022
2023-02-15,camlin fine sciences limited,CAMLINFINE,Axis Direct,Technology,23.49914236706689,-0.0767663043478259,2023
2023-04-17,camlin fine sciences limited,CAMLINFINE,Axis Direct,Technology,9.190172884440404,0.0578836297859511,2023
2023-05-23,camlin fine sciences limited,CAMLINFINE,Axis Direct,Technology,22.128525734225075,-0.0193548387096774,2023
2023-08-14,camlin fine sciences limited,CAMLINFINE,Axis Direct,Technology,23.48822406110758,-0.0178343949044586,2023
2024-02-12,camlin fine sciences limited,CAMLINFINE,Axis Direct,Technology,0.671140939597313,0.0538172715894868,2024
2024-05-22,camlin fine sciences limited,CAMLINFINE,Axis Direct,Technology,26.515550869794417,-0.0031496062992125,2024
2018-02-17,camlin fine sciences limited,CAMLINFINE,Emkay,Technology,61.87527642636002,-0.0074561403508771,2018
2019-02-12,camlin fine sciences limited,CAMLINFINE,Emkay,Technology,48.51485148514852,0.0470297029702969,2019
2016-09-06,camlin fine sciences limited,CAMLINFINE,HDFC Securities,Technology,7.142857142857137,-0.0439442658092175,2016
2016-04-01,camlin fine sciences limited,CAMLINFINE,Phillip Capital,Technology,48.7603305785124,0.0060273972602739,2016
2016-05-27,camlin fine sciences limited,CAMLINFINE,Phillip Capital,Technology,49.91671293725709,0.0179324894514768,2016
2016-08-12,camlin fine sciences limited,CAMLINFINE,Phillip Capital,Technology,53.84615384615385,0.0332167832167833,2016
2017-02-14,dhanuka agritech limited,DHANUKA,Axis Direct,Technology,12.749918059652574,0.0136072222949104,2017
2017-05-29,dhanuka agritech limited,DHANUKA,Axis Direct,Technology,12.546125461254611,0.0948484848484848,2017
2017-07-10,dhanuka agritech limited,DHANUKA,Axis Direct,Technology,9.565641776476328,-0.0245406263353884,2017
2017-08-17,dhanuka agritech limited,DHANUKA,Axis Direct,Technology,23.481781376518217,-0.05814266487214,2017
2020-10-21,dhanuka agritech limited,DHANUKA,Axis Direct,Technology,22.01885745978923,-0.013500482160077,2020
2020-11-02,dhanuka agritech limited,DHANUKA,Axis Direct,Technology,23.016705109387008,-0.0066417600664176,2020
2020-12-01,dhanuka agritech limited,DHANUKA,Axis Direct,Technology,13.081470059110762,-0.0481622306717363,2020
2021-02-03,dhanuka agritech limited,DHANUKA,Axis Direct,Technology,19.04761904761904,0.0363989810966617,2021
2021-05-24,dhanuka agritech limited,DHANUKA,Axis Direct,Technology,16.634909636815053,0.0775728322702982,2021
2021-05-31,dhanuka agritech limited,DHANUKA,Axis Direct,Technology,7.71609875753213,-0.0244055068836044,2021
2021-08-02,dhanuka agritech limited,DHANUKA,Axis Direct,Technology,1.325859652905029,-0.0212008501594049,2021
2022-05-24,dhanuka agritech limited,DHANUKA,Axis Direct,Technology,11.880288091741845,-0.0240033395950741,2022
2022-08-05,dhanuka agritech limited,DHANUKA,Axis Direct,Technology,15.581882539911874,-0.0233664772727273,2022
2022-11-02,dhanuka agritech limited,DHANUKA,Axis Direct,Technology,10.504869120795629,-0.0013056624518967,2022
2023-05-30,dhanuka agritech limited,DHANUKA,Axis Direct,Technology,11.11111111111111,0.0744886677722498,2023
2023-08-03,dhanuka agritech limited,DHANUKA,Axis Direct,Technology,5.834105040349256,0.0116908850726552,2023
2024-02-05,dhanuka agritech limited,DHANUKA,Axis Direct,Technology,-3.20427236315086,-0.0173341587694652,2024
2015-06-01,dhanuka agritech limited,DHANUKA,BOB Capital Markets Ltd.,Technology,17.32626986600188,-0.0664433712416263,2015
2015-08-17,dhanuka agritech limited,DHANUKA,BOB Capital Markets Ltd.,Technology,2.749073893546505,-0.139104009410842,2015
2018-01-12,dhanuka agritech limited,DHANUKA,Bonanza,Technology,21.53846153846154,0.0103345820953365,2018
2019-07-22,dhanuka agritech limited,DHANUKA,Dolat Capital,Technology,38.74967027169611,-0.0410526315789474,2019
2020-06-11,dhanuka agritech limited,DHANUKA,Dolat Capital,Technology,3.7776812852800727,0.2422770700636942,2020
2017-08-10,dhanuka agritech limited,DHANUKA,Emkay,Technology,14.564129575981042,-0.0218666666666666,2017
2019-02-13,dhanuka agritech limited,DHANUKA,Emkay,Technology,19.680851063829788,-0.0255501222493887,2019
2019-04-03,dhanuka agritech limited,DHANUKA,Emkay,Technology,14.358322744599748,-0.0100330200660401,2019
2022-05-26,dhanuka agritech limited,DHANUKA,Emkay,Technology,43.112701252236135,-0.013921113689095,2022
2016-08-12,dhanuka agritech limited,DHANUKA,HDFC Securities,Technology,13.822347864901053,0.0426578560939793,2016
2016-11-10,dhanuka agritech limited,DHANUKA,HDFC Securities,Technology,13.134657836644598,-0.0490123373558956,2016
2017-02-07,dhanuka agritech limited,DHANUKA,HDFC Securities,Technology,10.37824740880334,0.0228,2017
2017-05-19,dhanuka agritech limited,DHANUKA,HDFC Securities,Technology,-6.137184115523466,-0.0409146341463414,2017
2017-11-14,dhanuka agritech limited,DHANUKA,HDFC Securities,Technology,7.715582450832073,-0.003361721201255,2017
2018-02-15,dhanuka agritech limited,DHANUKA,HDFC Securities,Technology,9.691960931630351,-0.0581081081081081,2018
2018-08-10,dhanuka agritech limited,DHANUKA,HDFC Securities,Technology,26.262626262626267,-0.0024368231046931,2018
2018-09-10,dhanuka agritech limited,DHANUKA,HDFC Securities,Technology,33.81454747362577,-0.0179496669133973,2018
2018-11-14,dhanuka agritech limited,DHANUKA,HDFC Securities,Technology,73.54368932038835,0.0265046296296296,2018
2019-03-11,dhanuka agritech limited,DHANUKA,Prabhudas Lilladhar,Technology,41.4324569356301,-0.0358426966292134,2019
2020-02-13,dhanuka agritech limited,DHANUKA,Prabhudas Lilladhar,Technology,19.282426974734665,-0.0350303596450256,2020
2020-03-12,dhanuka agritech limited,DHANUKA,Prabhudas Lilladhar,Technology,90.49047547622618,-0.0437649880095923,2020
2020-05-17,dhanuka agritech limited,DHANUKA,Prabhudas Lilladhar,Technology,11.564918314703355,-0.0057148586324442,2020
2020-07-22,dhanuka agritech limited,DHANUKA,Prabhudas Lilladhar,Technology,3.910275841163989,-0.0900555555555555,2020
2020-10-30,dhanuka agritech limited,DHANUKA,Prabhudas Lilladhar,Technology,21.33920458516809,-0.0143145161290322,2020
2021-02-02,dhanuka agritech limited,DHANUKA,Prabhudas Lilladhar,Technology,28.923160173160166,0.0577702702702702,2021
2021-03-05,dhanuka agritech limited,DHANUKA,Prabhudas Lilladhar,Technology,33.57375684860253,-0.0233492171545268,2021
2021-07-31,dhanuka agritech limited,DHANUKA,Prabhudas Lilladhar,Technology,8.655815457583266,-0.0288947368421053,2021
2022-02-02,dhanuka agritech limited,DHANUKA,Prabhudas Lilladhar,Technology,11.538461538461538,0.0083657587548638,2022
2022-05-23,dhanuka agritech limited,DHANUKA,Prabhudas Lilladhar,Technology,23.553220194560826,-0.008896049313533,2022
2022-06-20,dhanuka agritech limited,DHANUKA,Prabhudas Lilladhar,Technology,26.71133119720361,0.039925925925926,2022
2022-08-02,dhanuka agritech limited,DHANUKA,Prabhudas Lilladhar,Technology,21.065375302663437,-0.0082963810613647,2022
2022-11-01,dhanuka agritech limited,DHANUKA,Prabhudas Lilladhar,Technology,29.84322121693486,-0.0026534222343175,2022
2023-02-10,dhanuka agritech limited,DHANUKA,Prabhudas Lilladhar,Technology,37.63818727578885,-0.009833916083916,2023
2023-05-25,dhanuka agritech limited,DHANUKA,Prabhudas Lilladhar,Technology,31.86203067527239,-0.0134798838656159,2023
2023-08-02,dhanuka agritech limited,DHANUKA,Prabhudas Lilladhar,Technology,27.40561925836519,0.0405680891546616,2023
2016-08-31,dhanuka agritech limited,DHANUKA,Systematix Group,Technology,8.154280833169059,-0.0680105750165235,2016
2024-07-25,go fashion (india) limited,GOCOLORS,Anand Rathi,Consumer Goods,21.36828076410484,0.0359395824078187,2024
2024-05-04,go fashion (india) limited,GOCOLORS,Emkay,Consumer Goods,24.598648583888448,-0.0844874682513057,2024
2024-07-12,go fashion (india) limited,GOCOLORS,Emkay,Consumer Goods,24.84394506866418,-0.0476819382457419,2024
2022-05-10,go fashion (india) limited,GOCOLORS,ICICI Securities Limited,Consumer Goods,29.4949696184879,0.0974045647343971,2022
2022-08-11,go fashion (india) limited,GOCOLORS,ICICI Securities Limited,Consumer Goods,31.400090620752152,0.016507703595011,2022
2022-11-07,go fashion (india) limited,GOCOLORS,ICICI Securities Limited,Consumer Goods,18.212042851865533,-0.1298192771084338,2022
2023-01-27,go fashion (india) limited,GOCOLORS,ICICI Securities Limited,Consumer Goods,36.32645642097611,-0.0193055555555554,2023
2023-05-06,go fashion (india) limited,GOCOLORS,ICICI Securities Limited,Consumer Goods,29.14143213395084,-0.0164768921634293,2023
2023-11-01,go fashion (india) limited,GOCOLORS,ICICI Securities Limited,Consumer Goods,16.897774911318923,-0.0059970610429325,2023
2024-07-25,go fashion (india) limited,GOCOLORS,ICICI Securities Limited,Consumer Goods,15.504220346512662,0.0359395824078187,2024
2023-12-05,goldiam international limited,GOLDIAM,Monarch Networth Capital Limited,Finance,37.78322106552356,0.0375757575757575,2023
2024-05-02,havells india limited,HAVELLS,Anand Rathi,Consumer Goods,14.592390489611123,-0.0026816840976133,2024
2024-07-21,havells india limited,HAVELLS,Anand Rathi,Consumer Goods,21.3457732541702,0.0364646493132913,2024
2017-01-27,havells india limited,HAVELLS,Axis Direct,Consumer Goods,-15.074309978768577,-0.0066037735849056,2017
2017-10-30,havells india limited,HAVELLS,Axis Direct,Consumer Goods,-22.61480500967315,0.0135930208967337,2017
2022-05-05,havells india limited,HAVELLS,BOB Capital Markets Ltd.,Consumer Goods,21.109361753663563,-0.0212149647097221,2022
2022-06-10,havells india limited,HAVELLS,BOB Capital Markets Ltd.,Consumer Goods,33.51729048911834,-0.0198702351987023,2022
2022-06-13,havells india limited,HAVELLS,BOB Capital Markets Ltd.,Consumer Goods,34.698275862068975,0.003394495412844,2022
2022-07-21,havells india limited,HAVELLS,BOB Capital Markets Ltd.,Consumer Goods,22.304211341677195,-0.0194862355953904,2022
2022-10-20,havells india limited,HAVELLS,BOB Capital Markets Ltd.,Consumer Goods,28.650456709121315,-0.0227572016460906,2022
2023-01-19,havells india limited,HAVELLS,BOB Capital Markets Ltd.,Consumer Goods,24.434858351652903,-0.030313014827018,2023
2023-05-03,havells india limited,HAVELLS,BOB Capital Markets Ltd.,Consumer Goods,20.841053733988566,0.0087564267352185,2023
2023-06-08,havells india limited,HAVELLS,BOB Capital Markets Ltd.,Consumer Goods,10.664355011250873,-0.0005162241887905,2023
2023-07-20,havells india limited,HAVELLS,BOB Capital Markets Ltd.,Consumer Goods,18.689959571232524,-0.0172665096983966,2023
2024-01-24,havells india limited,HAVELLS,BOB Capital Markets Ltd.,Consumer Goods,22.549019607843142,0.004344843356963,2024
2024-01-25,havells india limited,HAVELLS,BOB Capital Markets Ltd.,Consumer Goods,23.99736505599257,0.0441353121246173,2024
2024-04-30,havells india limited,HAVELLS,BOB Capital Markets Ltd.,Consumer Goods,6.971153846153847,0.0030545670225386,2024
2024-05-02,havells india limited,HAVELLS,BOB Capital Markets Ltd.,Consumer Goods,6.737025155158451,-0.0026816840976133,2024
2024-06-05,havells india limited,HAVELLS,BOB Capital Markets Ltd.,Consumer Goods,-0.7139669790272174,0.0111878453038674,2024
2018-10-15,havells india limited,HAVELLS,Bonanza,Consumer Goods,20.6222444056235,-0.0100016531658124,2018
2014-10-28,havells india limited,HAVELLS,Chola Wealth Direct,Consumer Goods,7.591377694470477,0.0783839136101285,2014
2015-02-03,havells india limited,HAVELLS,Chola Wealth Direct,Consumer Goods,18.50060459492141,0.0038167938931297,2015
2015-05-12,havells india limited,HAVELLS,Chola Wealth Direct,Consumer Goods,4.653204565408252,-0.0509810791871056,2015
2015-07-28,havells india limited,HAVELLS,Chola Wealth Direct,Consumer Goods,7.382550335570478,-0.01231884057971,2015
2015-11-16,havells india limited,HAVELLS,Chola Wealth Direct,Consumer Goods,8.328479906814206,0.1376058506543495,2015
2016-01-28,havells india limited,HAVELLS,Chola Wealth Direct,Consumer Goods,10.43566362715298,0.0038733580330078,2016
2016-05-17,havells india limited,HAVELLS,Chola Wealth Direct,Consumer Goods,8.241082410824102,0.0030071077091305,2016
2016-07-25,havells india limited,HAVELLS,Chola Wealth Direct,Consumer Goods,11.475409836065571,0.0537157757496741,2016
2017-01-19,havells india limited,HAVELLS,Chola Wealth Direct,Consumer Goods,13.671672708441228,0.0943152454780361,2017
2017-05-11,havells india limited,HAVELLS,Chola Wealth Direct,Consumer Goods,-7.967701138243028,-0.0265660229389275,2017
2018-10-19,havells india limited,HAVELLS,Chola Wealth Direct,Consumer Goods,7.7373483897950655,-0.0035537190082644,2018
2019-07-29,havells india limited,HAVELLS,Chola Wealth Direct,Consumer Goods,12.271736679942885,-0.0383362375937572,2019
2018-05-14,havells india limited,HAVELLS,Dolat Capital,Consumer Goods,16.83096020445419,-0.0347113525458059,2018
2018-07-20,havells india limited,HAVELLS,Dolat Capital,Consumer Goods,10.127826941986228,0.0871380120010434,2018
2018-10-19,havells india limited,HAVELLS,Dolat Capital,Consumer Goods,13.759933082392305,-0.0035537190082644,2018
2019-05-29,havells india limited,HAVELLS,Dolat Capital,Consumer Goods,5.93490746649649,0.0672814207650273,2019
2020-06-29,havells india limited,HAVELLS,Dolat Capital,Consumer Goods,-13.26047672317356,0.0081286751988929,2020
2018-05-28,havells india limited,HAVELLS,Edelweiss,Consumer Goods,15.350488021295474,-0.0539492242595204,2018
2018-07-16,havells india limited,HAVELLS,Edelweiss,Consumer Goods,9.520846297448651,0.083570159857904,2018
2018-07-23,havells india limited,HAVELLS,Edelweiss,Consumer Goods,6.850213044903303,0.0205479452054793,2018
2019-08-09,havells india limited,HAVELLS,Edelweiss,Consumer Goods,9.23535253227409,0.032631899969503,2019
2022-05-07,havells india limited,HAVELLS,Emkay,Consumer Goods,0.4089234381958746,-0.0002023963730569,2022
2017-07-21,havells india limited,HAVELLS,Geojit BNP Paribas,Consumer Goods,9.26573426573426,0.0256217838765009,2017
2017-10-27,havells india limited,HAVELLS,Geojit BNP Paribas,Consumer Goods,14.94252873563218,0.0115790552310688,2017
2018-07-23,havells india limited,HAVELLS,Geojit BNP Paribas,Consumer Goods,3.736479842674525,0.0205479452054793,2018
2018-10-22,havells india limited,HAVELLS,Geojit BNP Paribas,Consumer Goods,-6.078745468341617,0.068103448275862,2018
2019-01-23,havells india limited,HAVELLS,Geojit BNP Paribas,Consumer Goods,-10.31648763607526,0.0102700373455903,2019
2019-05-30,havells india limited,HAVELLS,Geojit BNP Paribas,Consumer Goods,-5.012098167991704,0.0919349255797853,2019
2019-07-29,havells india limited,HAVELLS,Geojit BNP Paribas,Consumer Goods,-3.509431126474791,-0.0383362375937572,2019
2019-10-29,havells india limited,HAVELLS,Geojit BNP Paribas,Consumer Goods,-6.465130200538767,0.0178518518518517,2019
2020-01-29,havells india limited,HAVELLS,Geojit BNP Paribas,Consumer Goods,10.48440610484407,0.0082792207792208,2020
2020-04-15,havells india limited,HAVELLS,Geojit BNP Paribas,Consumer Goods,22.77714718123344,-0.0600725952813067,2020
2020-05-28,havells india limited,HAVELLS,Geojit BNP Paribas,Consumer Goods,6.397984886649874,0.135,2020
2020-07-28,havells india limited,HAVELLS,Geojit BNP Paribas,Consumer Goods,-9.11429306353425,0.0124784853700516,2020
2020-11-02,havells india limited,HAVELLS,Geojit BNP Paribas,Consumer Goods,-6.431319855860256,0.0542476970317297,2020
2021-01-25,havells india limited,HAVELLS,Geojit BNP Paribas,Consumer Goods,-6.771955013161043,0.0117803365810451,2021
2021-05-25,havells india limited,HAVELLS,Geojit BNP Paribas,Consumer Goods,-7.965818681858365,0.026370887337986,2021
2021-07-28,havells india limited,HAVELLS,Geojit BNP Paribas,Consumer Goods,-11.217143100583655,0.0635775862068965,2021
2021-10-22,havells india limited,HAVELLS,Geojit BNP Paribas,Consumer Goods,-9.644394462325971,-0.0251762722256283,2021
2022-02-10,havells india limited,HAVELLS,Geojit BNP Paribas,Consumer Goods,13.726324749946798,0.0003729796933278,2022
2022-06-20,havells india limited,HAVELLS,Geojit BNP Paribas,Consumer Goods,12.48136603875865,0.0086001829826167,2022
2022-07-25,havells india limited,HAVELLS,Geojit BNP Paribas,Consumer Goods,-11.634049705847032,0.0556557377049181,2022
2023-01-23,havells india limited,HAVELLS,Geojit BNP Paribas,Consumer Goods,9.25,-0.0109776304888152,2023
2023-05-05,havells india limited,HAVELLS,Geojit BNP Paribas,Consumer Goods,13.7035308757194,0.0163035019455253,2023
2023-07-28,havells india limited,HAVELLS,Geojit BNP Paribas,Consumer Goods,10.935023771790815,0.0030152671755725,2023
2023-11-01,havells india limited,HAVELLS,Geojit BNP Paribas,Consumer Goods,14.769292766471892,0.0016399999999999,2023
2024-02-05,havells india limited,HAVELLS,Geojit BNP Paribas,Consumer Goods,11.662623623810411,-0.0051492537313433,2024
2024-05-02,havells india limited,HAVELLS,Geojit BNP Paribas,Consumer Goods,6.677060534284767,-0.0026816840976133,2024
2024-07-29,havells india limited,HAVELLS,Geojit BNP Paribas,Consumer Goods,-10.535481062255112,-0.0118632999564649,2024
2017-01-18,havells india limited,HAVELLS,HDFC Securities,Consumer Goods,15.516785619878402,0.1153947368421053,2017
2017-02-21,havells india limited,HAVELLS,HDFC Securities,Consumer Goods,11.600237953599049,-0.0218116805721096,2017
2017-05-12,havells india limited,HAVELLS,HDFC Securities,Consumer Goods,1.493119937542691,-0.0568016312263327,2017
2017-07-20,havells india limited,HAVELLS,HDFC Securities,Consumer Goods,15.954570037858302,-0.0072058507205849,2017
2017-10-24,havells india limited,HAVELLS,HDFC Securities,Consumer Goods,10.50599069214774,-0.045767716535433,2017
2017-11-13,havells india limited,HAVELLS,HDFC Securities,Consumer Goods,12.51840942562592,-0.0130447386220892,2017
2018-01-22,havells india limited,HAVELLS,HDFC Securities,Consumer Goods,18.08385402517432,-0.021504424778761,2018
2018-05-12,havells india limited,HAVELLS,HDFC Securities,Consumer Goods,19.708029197080293,-0.0518256772673734,2018
2018-07-21,havells india limited,HAVELLS,HDFC Securities,Consumer Goods,19.96118902707947,0.0871380120010434,2018
2018-10-18,havells india limited,HAVELLS,HDFC Securities,Consumer Goods,18.664383561643834,-0.0035537190082644,2018
2019-01-22,havells india limited,HAVELLS,HDFC Securities,Consumer Goods,3.3758229443899737,-0.0278085991678224,2019
2019-05-30,havells india limited,HAVELLS,HDFC Securities,Consumer Goods,2.7307293466989284,0.0919349255797853,2019
2019-07-29,havells india limited,HAVELLS,HDFC Securities,Consumer Goods,4.306004358608248,-0.0383362375937572,2019
2019-10-25,havells india limited,HAVELLS,HDFC Securities,Consumer Goods,11.1612515042118,0.0324733763311834,2019
2020-01-22,havells india limited,HAVELLS,HDFC Securities,Consumer Goods,14.54384125191578,0.0258118234804329,2020
2022-05-06,havells india limited,HAVELLS,ICICI Direct,Consumer Goods,11.016914940858266,-0.0002023963730569,2022
2022-09-09,havells india limited,HAVELLS,ICICI Direct,Consumer Goods,21.466431095406357,-0.0364739392594238,2022
2022-10-21,havells india limited,HAVELLS,ICICI Direct,Consumer Goods,34.22530983318324,0.0221008403361344,2022
2023-05-04,havells india limited,HAVELLS,ICICI Direct,Consumer Goods,13.446381657511353,0.0057660626029653,2023
2016-01-28,havells india limited,HAVELLS,ICICI Securities Limited,Consumer Goods,6.617024877305809,0.0038733580330078,2016
2016-05-12,havells india limited,HAVELLS,ICICI Securities Limited,Consumer Goods,10.153396639883129,0.0303468208092485,2016
2016-07-25,havells india limited,HAVELLS,ICICI Securities Limited,Consumer Goods,9.114754098360656,0.0537157757496741,2016
2016-10-19,havells india limited,HAVELLS,ICICI Securities Limited,Consumer Goods,1.327487516745826,-0.0135036496350365,2016
2017-01-18,havells india limited,HAVELLS,ICICI Securities Limited,Consumer Goods,6.793550092519161,0.1153947368421053,2017
2017-02-20,havells india limited,HAVELLS,ICICI Securities Limited,Consumer Goods,-2.544928235436018,-0.0143203883495145,2017
2017-05-12,havells india limited,HAVELLS,ICICI Securities Limited,Consumer Goods,11.252073777691027,-0.0568016312263327,2017
2017-07-20,havells india limited,HAVELLS,ICICI Securities Limited,Consumer Goods,16.819902650081126,-0.0072058507205849,2017
2017-10-24,havells india limited,HAVELLS,ICICI Securities Limited,Consumer Goods,8.921675413407272,-0.045767716535433,2017
2018-01-29,havells india limited,HAVELLS,ICICI Securities Limited,Consumer Goods,12.369337979094077,-0.1326149300425828,2018
2018-05-14,havells india limited,HAVELLS,ICICI Securities Limited,Consumer Goods,9.6875288044981,-0.0347113525458059,2018
2018-07-23,havells india limited,HAVELLS,ICICI Securities Limited,Consumer Goods,13.077679449360858,0.0205479452054793,2018
2018-10-19,havells india limited,HAVELLS,ICICI Securities Limited,Consumer Goods,8.741112505227939,-0.0035537190082644,2018
2019-01-23,havells india limited,HAVELLS,ICICI Securities Limited,Consumer Goods,15.348568956816386,0.0102700373455903,2019
2019-05-30,havells india limited,HAVELLS,ICICI Securities Limited,Consumer Goods,10.611821638437608,0.0919349255797853,2019
2019-07-30,havells india limited,HAVELLS,ICICI Securities Limited,Consumer Goods,13.145281684607523,0.0211539979477464,2019
2019-10-24,havells india limited,HAVELLS,ICICI Securities Limited,Consumer Goods,7.478728168383345,0.0643846153846154,2019
2020-01-23,havells india limited,HAVELLS,ICICI Securities Limited,Consumer Goods,2.745223952480338,-0.0211290322580645,2020
2020-03-30,havells india limited,HAVELLS,ICICI Securities Limited,Consumer Goods,19.67946716619836,0.1215189873417722,2020
2020-05-14,havells india limited,HAVELLS,ICICI Securities Limited,Consumer Goods,20.8617971623752,-0.0696954568147777,2020
2020-07-29,havells india limited,HAVELLS,ICICI Securities Limited,Consumer Goods,10.439127004996047,0.0569034735555943,2020
2021-01-21,havells india limited,HAVELLS,ICICI Securities Limited,Consumer Goods,10.870621493882233,-0.0799036777583187,2021
2021-05-22,havells india limited,HAVELLS,ICICI Securities Limited,Consumer Goods,18.156180103082765,-0.0163285024154589,2021
2021-07-23,havells india limited,HAVELLS,ICICI Securities Limited,Consumer Goods,17.595628415300546,0.0296530245207704,2021
2021-10-21,havells india limited,HAVELLS,ICICI Securities Limited,Consumer Goods,17.295798677756448,-0.0156976744186046,2021
2022-01-22,havells india limited,HAVELLS,ICICI Securities Limited,Consumer Goods,22.02488824453305,-0.0509615384615383,2022
2022-06-21,havells india limited,HAVELLS,ICICI Securities Limited,Consumer Goods,53.472740851381616,0.0059545454545454,2022
2022-10-14,havells india limited,HAVELLS,ICICI Securities Limited,Consumer Goods,31.686908485316213,-0.0702153110047846,2022
2022-10-20,havells india limited,HAVELLS,ICICI Securities Limited,Consumer Goods,24.134064789973163,-0.0227572016460906,2022
2022-12-13,havells india limited,HAVELLS,ICICI Securities Limited,Consumer Goods,34.59534560611324,0.0102119958634952,2022
2023-01-20,havells india limited,HAVELLS,ICICI Securities Limited,Consumer Goods,28.58268696337467,0.0220258620689654,2023
2023-05-09,havells india limited,HAVELLS,ICICI Securities Limited,Consumer Goods,15.27148421973129,0.0386951450062347,2023
2023-07-21,havells india limited,HAVELLS,ICICI Securities Limited,Consumer Goods,18.689959571232524,0.0157914909927174,2023
2023-10-20,havells india limited,HAVELLS,ICICI Securities Limited,Consumer Goods,17.413957584207818,-0.0177631578947368,2023
2023-10-20,havells india limited,HAVELLS,ICICI Securities Limited,Consumer Goods,17.413957584207818,-0.0177631578947368,2023
2024-05-02,havells india limited,HAVELLS,ICICI Securities Limited,Consumer Goods,16.331364494947977,-0.0026816840976133,2024
2018-06-27,havells india limited,HAVELLS,JM Financial,Consumer Goods,19.62823226281402,0.0306542056074765,2018
2018-07-20,havells india limited,HAVELLS,JM Financial,Consumer Goods,7.13416118821525,0.0871380120010434,2018
2017-01-20,havells india limited,HAVELLS,Karvy,Consumer Goods,15.225271879855,0.0458499005964215,2017
2017-05-15,havells india limited,HAVELLS,Karvy,Consumer Goods,6.360183110937951,-0.0754368932038835,2017
2017-07-21,havells india limited,HAVELLS,Karvy,Consumer Goods,18.19460980625609,0.0256217838765009,2017
2017-10-25,havells india limited,HAVELLS,Karvy,Consumer Goods,10.515130047566034,-0.0065656565656565,2017
2018-05-15,havells india limited,HAVELLS,Karvy,Consumer Goods,17.108874656907595,0.01309963099631,2018
2018-07-23,havells india limited,HAVELLS,Karvy,Consumer Goods,9.800065552277934,0.0205479452054793,2018
2018-10-23,havells india limited,HAVELLS,Karvy,Consumer Goods,8.151735270379339,0.0593538692712245,2018
2019-01-25,havells india limited,HAVELLS,Karvy,Consumer Goods,12.13119349639077,0.0367791842475386,2019
2019-06-06,havells india limited,HAVELLS,Karvy,Consumer Goods,2.31487402481136,0.0066812283181293,2019
2019-07-31,havells india limited,HAVELLS,Karvy,Consumer Goods,5.7432171291644085,0.0061660942866062,2019
2019-10-25,havells india limited,HAVELLS,Karvy,Consumer Goods,1.9007010190070068,0.0324733763311834,2019
2023-07-05,havells india limited,HAVELLS,Keynote Capitals Ltd,Consumer Goods,20.658845466552727,7.748334108177315e-05,2023
2023-07-21,havells india limited,HAVELLS,Keynote Capitals Ltd,Consumer Goods,15.173604450412432,0.0157914909927174,2023
2023-10-20,havells india limited,HAVELLS,Keynote Capitals Ltd,Consumer Goods,20.03557755520321,-0.0177631578947368,2023
2024-01-25,havells india limited,HAVELLS,Keynote Capitals Ltd,Consumer Goods,17.177509977912976,0.0441353121246173,2024
2024-05-06,havells india limited,HAVELLS,Keynote Capitals Ltd,Consumer Goods,4.405444126074496,0.0145411203814064,2024
2024-07-19,havells india limited,HAVELLS,Keynote Capitals Ltd,Consumer Goods,-2.742437093582132,0.039960407239819,2024
2018-07-23,havells india limited,HAVELLS,Kotak Securities,Consumer Goods,-18.83775667559451,0.0205479452054793,2018
2016-07-20,havells india limited,HAVELLS,Motilal Oswal,Consumer Goods,16.120218579234972,0.0248979591836734,2016
2016-07-24,havells india limited,HAVELLS,Motilal Oswal,Consumer Goods,15.553194315314125,0.0537157757496741,2016
2017-10-23,havells india limited,HAVELLS,Motilal Oswal,Consumer Goods,5.23400720022155,-0.0880983423356304,2017
2017-12-05,havells india limited,HAVELLS,Motilal Oswal,Consumer Goods,16.451199052600423,0.0771960958296361,2017
2017-12-13,havells india limited,HAVELLS,Motilal Oswal,Consumer Goods,15.83372255955161,0.0402234636871508,2017
2018-01-22,havells india limited,HAVELLS,Motilal Oswal,Consumer Goods,15.910531558453322,-0.021504424778761,2018
2018-10-17,havells india limited,HAVELLS,Motilal Oswal,Consumer Goods,19.863013698630137,0.0896363636363635,2018
2019-01-22,havells india limited,HAVELLS,Motilal Oswal,Consumer Goods,14.862025493766636,-0.0278085991678224,2019
2019-05-29,havells india limited,HAVELLS,Motilal Oswal,Consumer Goods,8.947296745199516,0.0672814207650273,2019
2019-07-29,havells india limited,HAVELLS,Motilal Oswal,Consumer Goods,5.20778537611783,-0.0383362375937572,2019
2019-10-25,havells india limited,HAVELLS,Motilal Oswal,Consumer Goods,9.807460890493388,0.0324733763311834,2019
2020-01-22,havells india limited,HAVELLS,Motilal Oswal,Consumer Goods,6.477373558118896,0.0258118234804329,2020
2020-05-13,havells india limited,HAVELLS,Motilal Oswal,Consumer Goods,2.804671124862763,-0.0792156862745097,2020
2020-07-27,havells india limited,HAVELLS,Motilal Oswal,Consumer Goods,-2.7608959888869555,-0.0173109243697478,2020
2020-09-24,havells india limited,HAVELLS,Motilal Oswal,Consumer Goods,-3.649192018814954,-0.0015739769150053,2020
2021-05-22,havells india limited,HAVELLS,Motilal Oswal,Consumer Goods,1.437857002166636,-0.0163285024154589,2021
2021-07-12,havells india limited,HAVELLS,Motilal Oswal,Consumer Goods,-0.2469614062272969,0.0407851377811739,2021
2021-10-21,havells india limited,HAVELLS,Motilal Oswal,Consumer Goods,0.0504129987978509,-0.0156976744186046,2021
2023-07-18,havells india limited,HAVELLS,Motilal Oswal,Consumer Goods,18.40527577937649,-0.0369276218611521,2023
2023-07-20,havells india limited,HAVELLS,Motilal Oswal,Consumer Goods,17.20633507659212,-0.0172665096983966,2023
2024-05-01,havells india limited,HAVELLS,Motilal Oswal,Consumer Goods,6.971153846153847,-0.0026816840976133,2024
2015-05-20,havells india limited,HAVELLS,Phillip Capital,Consumer Goods,-9.15832406377456,0.0037043897017966,2015
2015-11-13,havells india limited,HAVELLS,Phillip Capital,Consumer Goods,16.038288728267243,0.1497263487099296,2015
2015-12-15,havells india limited,HAVELLS,Phillip Capital,Consumer Goods,-3.391232423490488,-0.0027887139107612,2015
2016-01-28,havells india limited,HAVELLS,Phillip Capital,Consumer Goods,-8.613978676595021,0.0038733580330078,2016
2016-03-23,havells india limited,HAVELLS,Phillip Capital,Consumer Goods,-11.198815984213123,0.0304276315789473,2016
2019-09-09,havells india limited,HAVELLS,Prabhudas Lilladhar,Consumer Goods,-37.348668280871664,-0.0179328087167068,2019
2019-10-24,havells india limited,HAVELLS,Prabhudas Lilladhar,Consumer Goods,-13.419913419913415,0.0643846153846154,2019
2020-05-13,havells india limited,HAVELLS,Prabhudas Lilladhar,Consumer Goods,-0.3799938379377678,-0.0792156862745097,2020
2020-07-27,havells india limited,HAVELLS,Prabhudas Lilladhar,Consumer Goods,-10.14318785904141,-0.0173109243697478,2020
2021-01-21,havells india limited,HAVELLS,Prabhudas Lilladhar,Consumer Goods,0.2984011045294534,-0.0799036777583187,2021
2021-10-21,havells india limited,HAVELLS,Prabhudas Lilladhar,Consumer Goods,8.581843564586816,-0.0156976744186046,2021
2022-01-21,havells india limited,HAVELLS,Prabhudas Lilladhar,Consumer Goods,17.03885757871096,-0.0509615384615383,2022
2022-05-06,havells india limited,HAVELLS,Prabhudas Lilladhar,Consumer Goods,12.62854792266557,-0.0002023963730569,2022
2022-07-22,havells india limited,HAVELLS,Prabhudas Lilladhar,Consumer Goods,2.014189023893015,0.0239314838339546,2022
2023-05-04,havells india limited,HAVELLS,Prabhudas Lilladhar,Consumer Goods,15.197834567311528,0.0057660626029653,2023
2023-07-21,havells india limited,HAVELLS,Prabhudas Lilladhar,Consumer Goods,12.027623249568386,0.0157914909927174,2023
2023-09-27,havells india limited,HAVELLS,Prabhudas Lilladhar,Consumer Goods,9.337788362421348,0.0003898497306492,2023
2023-10-20,havells india limited,HAVELLS,Prabhudas Lilladhar,Consumer Goods,18.952782396844423,-0.0177631578947368,2023
2024-05-01,havells india limited,HAVELLS,Prabhudas Lilladhar,Consumer Goods,6.610576923076923,-0.0026816840976133,2024
2024-07-19,havells india limited,HAVELLS,Prabhudas Lilladhar,Consumer Goods,11.73310715295448,0.039960407239819,2024
2018-07-23,havells india limited,HAVELLS,Reliance Securities,Consumer Goods,6.5224516551950105,0.0205479452054793,2018
2019-10-24,havells india limited,HAVELLS,Reliance Securities,Consumer Goods,-4.463352739214805,0.0643846153846154,2019
2020-01-22,havells india limited,HAVELLS,Reliance Securities,Consumer Goods,0.2973559431005421,0.0258118234804329,2020
2019-09-20,havells india limited,HAVELLS,Way2Wealth,Consumer Goods,7.7441077441077475,-0.0331188621740603,2019
2020-01-24,havells india limited,HAVELLS,Way2Wealth,Consumer Goods,9.866926322622517,-0.0308681672025724,2020
2020-07-27,havells india limited,HAVELLS,Yes Securities,Consumer Goods,-14.779602420051855,-0.0173109243697478,2020
2022-05-07,havells india limited,HAVELLS,Yes Securities,Consumer Goods,23.324830964816385,-0.0002023963730569,2022
2022-05-07,havells india limited,HAVELLS,Yes Securities,Consumer Goods,23.324830964816385,-0.0002023963730569,2022
2022-08-17,honeywell automation india limited,HONAUT,ICICI Securities Limited,Technology,-26.565788343742312,-0.0056567647440558,2022
2022-11-09,honeywell automation india limited,HONAUT,ICICI Securities Limited,Technology,-10.922834768076797,0.0343451613819679,2022
2023-02-09,honeywell automation india limited,HONAUT,ICICI Securities Limited,Technology,-8.191228007978122,-0.0256403568601418,2023
2023-05-18,honeywell automation india limited,HONAUT,ICICI Securities Limited,Technology,-8.57233815799128,-0.0069228781682757,2023
2023-08-14,honeywell automation india limited,HONAUT,ICICI Securities Limited,Technology,-2.672138622891017,-0.0227859330190055,2023
2020-12-29,honeywell automation india limited,HONAUT,Sharekhan,Technology,19.8047414148542,0.0078900868382012,2020
2018-04-19,jindal steel & power limited,JINDALSTEL,AUM Capital,Manufacturing,17.964533538936017,-0.0248062015503876,2018
2020-02-04,jindal steel & power limited,JINDALSTEL,AUM Capital,Manufacturing,19.04761904761905,0.0703380588876772,2020
2018-08-14,jindal steel & power limited,JINDALSTEL,Angel Broking,Manufacturing,60.96579476861166,0.0322164948453608,2018
2018-11-15,jindal steel & power limited,JINDALSTEL,Angel Broking,Manufacturing,76.99115044247786,-0.0713891951488424,2018
2022-07-18,jindal steel & power limited,JINDALSTEL,BOB Capital Markets Ltd.,Manufacturing,30.86770981507824,0.0524594825135057,2022
2024-02-03,jindal steel & power limited,JINDALSTEL,BOB Capital Markets Ltd.,Manufacturing,3.737113402061856,-0.0261542396725923,2024
2021-01-27,jindal steel & power limited,JINDALSTEL,Edelweiss,Manufacturing,-26.484102187097964,0.085551330798479,2021
2022-01-14,jindal steel & power limited,JINDALSTEL,Edelweiss,Manufacturing,10.832437597038105,-0.0353571428571429,2022
2022-01-05,jindal steel & power limited,JINDALSTEL,ICICI Securities Limited,Manufacturing,11.540443070582178,-0.0336633663366337,2022
2022-05-31,jindal steel & power limited,JINDALSTEL,ICICI Securities Limited,Manufacturing,-9.549037343326008,-0.0511754773347187,2022
2022-11-11,jindal steel & power limited,JINDALSTEL,ICICI Securities Limited,Manufacturing,10.242533573862502,0.0313745019920318,2022
2023-01-03,jindal steel & power limited,JINDALSTEL,ICICI Securities Limited,Manufacturing,26.1246111157824,0.0018397725372136,2023
2023-02-01,jindal steel & power limited,JINDALSTEL,ICICI Securities Limited,Manufacturing,28.52369120041129,-0.0227347611202635,2023
2023-05-17,jindal steel & power limited,JINDALSTEL,ICICI Securities Limited,Manufacturing,33.83297644539615,-0.0419718309859155,2023
2023-08-13,jindal steel & power limited,JINDALSTEL,ICICI Securities Limited,Manufacturing,16.0126038384417,-0.0006040015100037,2023
2023-11-01,jindal steel & power limited,JINDALSTEL,ICICI Securities Limited,Manufacturing,35.88582172463893,0.0675721561969439,2023
2024-05-14,jindal steel & power limited,JINDALSTEL,ICICI Securities Limited,Manufacturing,26.73105421840666,0.0918946301925025,2024
2024-07-25,jindal steel & power limited,JINDALSTEL,ICICI Securities Limited,Manufacturing,32.22435487310728,0.0309332770270269,2024
2020-11-03,jindal steel & power limited,JINDALSTEL,IDBI Capital,Manufacturing,42.38095238095238,0.0570934256055362,2020
2021-05-14,jindal steel & power limited,JINDALSTEL,IDBI Capital,Manufacturing,51.85139010098491,-0.0423990498812352,2021
2021-08-11,jindal steel & power limited,JINDALSTEL,IDBI Capital,Manufacturing,27.684822594042952,-0.0354609929078014,2021
2021-11-03,jindal steel & power limited,JINDALSTEL,IDBI Capital,Manufacturing,27.795527156549515,-0.0545946581950817,2021
2024-02-01,jindal steel & power limited,JINDALSTEL,IDBI Capital,Manufacturing,-0.060610142097117,0.0400937081659973,2024
2024-05-14,jindal steel & power limited,JINDALSTEL,IDBI Capital,Manufacturing,-11.799274362512142,0.0918946301925025,2024
2024-07-25,jindal steel & power limited,JINDALSTEL,IDBI Capital,Manufacturing,1.514182128385588,0.0309332770270269,2024
2016-02-15,jindal steel & power limited,JINDALSTEL,Motilal Oswal,Manufacturing,18.764845605700717,-0.1187888198757764,2016
2016-05-04,jindal steel & power limited,JINDALSTEL,Motilal Oswal,Manufacturing,12.781954887218044,-0.0319634703196347,2016
2016-09-10,jindal steel & power limited,JINDALSTEL,Motilal Oswal,Manufacturing,3.4685479129923613,-0.0102905569007263,2016
2017-11-09,jindal steel & power limited,JINDALSTEL,Motilal Oswal,Manufacturing,27.20632988435787,-0.0068862275449102,2017
2018-02-09,jindal steel & power limited,JINDALSTEL,Motilal Oswal,Manufacturing,32.623071271124175,-0.1055456171735241,2018
2018-05-09,jindal steel & power limited,JINDALSTEL,Motilal Oswal,Manufacturing,33.20610687022901,-0.019111969111969,2018
2018-11-14,jindal steel & power limited,JINDALSTEL,Motilal Oswal,Manufacturing,91.94515852613536,-0.0231560891938251,2018
2019-02-02,jindal steel & power limited,JINDALSTEL,Motilal Oswal,Manufacturing,122.48062015503876,0.0042471042471043,2019
2019-03-19,jindal steel & power limited,JINDALSTEL,Motilal Oswal,Manufacturing,70.17491847020456,-0.0103919239904988,2019
2019-05-22,jindal steel & power limited,JINDALSTEL,Motilal Oswal,Manufacturing,42.90418175831413,0.0576985413290113,2019
2019-12-03,jindal steel & power limited,JINDALSTEL,Motilal Oswal,Manufacturing,13.821138211382117,-0.0282077743378052,2019
2019-12-20,jindal steel & power limited,JINDALSTEL,Motilal Oswal,Manufacturing,16.603295310519638,0.0659235668789808,2019
2020-01-20,jindal steel & power limited,JINDALSTEL,Motilal Oswal,Manufacturing,13.024757804090411,0.0096045197740112,2020
2020-05-05,jindal steel & power limited,JINDALSTEL,Motilal Oswal,Manufacturing,67.59776536312849,0.0316091954022988,2020
2020-07-23,jindal steel & power limited,JINDALSTEL,Motilal Oswal,Manufacturing,34.724292101341284,0.069420035149385,2020
2020-11-04,jindal steel & power limited,JINDALSTEL,Motilal Oswal,Manufacturing,23.31679659815733,0.0433230183289692,2020
2021-05-14,jindal steel & power limited,JINDALSTEL,Motilal Oswal,Manufacturing,31.79966450994488,-0.0423990498812352,2021
2021-05-14,jindal steel & power limited,JINDALSTEL,Motilal Oswal,Manufacturing,31.79966450994488,-0.0423990498812352,2021
2021-12-06,jindal steel & power limited,JINDALSTEL,Motilal Oswal,Manufacturing,29.90895502106265,0.1008064516129032,2021
2022-02-10,jindal steel & power limited,JINDALSTEL,Motilal Oswal,Manufacturing,20.88909049671128,-0.0471384333065718,2022
2022-06-01,jindal steel & power limited,JINDALSTEL,Motilal Oswal,Manufacturing,16.959064327485386,-0.0171120179018033,2022
2022-07-16,jindal steel & power limited,JINDALSTEL,Motilal Oswal,Manufacturing,20.910384068278805,0.0319438475863056,2022
2023-02-01,jindal steel & power limited,JINDALSTEL,Motilal Oswal,Manufacturing,15.08425811755035,-0.0227347611202635,2023
2023-05-16,jindal steel & power limited,JINDALSTEL,Motilal Oswal,Manufacturing,15.98857958601,-0.0495437956204379,2023
2023-06-22,jindal steel & power limited,JINDALSTEL,Motilal Oswal,Manufacturing,23.26656394453004,0.0052768166089964,2023
2024-05-13,jindal steel & power limited,JINDALSTEL,Motilal Oswal,Manufacturing,16.02533397200489,0.1377860564129857,2024
2024-07-24,jindal steel & power limited,JINDALSTEL,Motilal Oswal,Manufacturing,23.399660650933203,0.0388297872340425,2024
2019-05-24,jindal steel & power limited,JINDALSTEL,Prabhudas Lilladhar,Manufacturing,5.849582172701942,-0.0059006211180123,2019
2019-08-18,jindal steel & power limited,JINDALSTEL,Prabhudas Lilladhar,Manufacturing,23.314065510597302,-0.034828244274809,2019
2019-09-12,jindal steel & power limited,JINDALSTEL,Prabhudas Lilladhar,Manufacturing,16.55011655011655,-0.0734072022160665,2019
2019-11-04,jindal steel & power limited,JINDALSTEL,Prabhudas Lilladhar,Manufacturing,23.90670553935861,0.084922634041022,2019
2020-01-20,jindal steel & power limited,JINDALSTEL,Prabhudas Lilladhar,Manufacturing,14.42924923248674,0.0096045197740112,2020
2020-05-26,jindal steel & power limited,JINDALSTEL,Prabhudas Lilladhar,Manufacturing,30.3780964797914,0.18460833715071,2020
2020-07-23,jindal steel & power limited,JINDALSTEL,Prabhudas Lilladhar,Manufacturing,16.689280868385346,0.069420035149385,2020
2021-01-22,jindal steel & power limited,JINDALSTEL,Prabhudas Lilladhar,Manufacturing,43.03593777936708,-0.0331010452961672,2021
2021-04-29,jindal steel & power limited,JINDALSTEL,Prabhudas Lilladhar,Manufacturing,13.250283125707815,0.0257040679481448,2021
2021-08-11,jindal steel & power limited,JINDALSTEL,Prabhudas Lilladhar,Manufacturing,17.85503830288745,-0.0354609929078014,2021
2021-11-03,jindal steel & power limited,JINDALSTEL,Prabhudas Lilladhar,Manufacturing,26.00094206311822,-0.0545946581950817,2021
2021-12-09,jindal steel & power limited,JINDALSTEL,Prabhudas Lilladhar,Manufacturing,40.34644076368694,0.0183036865171436,2021
2022-02-10,jindal steel & power limited,JINDALSTEL,Prabhudas Lilladhar,Manufacturing,27.1769019248396,-0.0471384333065718,2022
2023-10-31,jindal steel & power limited,JINDALSTEL,Prabhudas Lilladhar,Manufacturing,18.491637740612187,0.0316693944353519,2023
2024-07-25,jindal steel & power limited,JINDALSTEL,Prabhudas Lilladhar,Manufacturing,4.286628278950741,0.0309332770270269,2024
2018-01-31,ltimindtree limited,LTIM,Axis Direct,Finance,8.171206225680933,-0.001349267540478,2018
2018-12-24,ltimindtree limited,LTIM,Axis Direct,Finance,8.433734939759036,0.0067273795534665,2018
2019-03-18,ltimindtree limited,LTIM,Axis Direct,Finance,35.65989847715736,0.0536656243090432,2019
2019-05-27,ltimindtree limited,LTIM,Axis Direct,Finance,12.648392594090293,0.0279071104213369,2019
2019-11-04,ltimindtree limited,LTIM,Axis Direct,Finance,8.47947929849937,-0.0190246839253461,2019
2019-12-16,ltimindtree limited,LTIM,Axis Direct,Finance,9.76948408342481,0.065625,2019
2020-01-20,ltimindtree limited,LTIM,Axis Direct,Finance,12.875151643019144,0.0269109119662624,2020
2020-01-21,ltimindtree limited,LTIM,Axis Direct,Finance,12.115258677144729,0.017284595300261,2020
2020-05-11,ltimindtree limited,LTIM,Axis Direct,Finance,8.041134927518272,0.0196096654275093,2020
2023-01-23,ltimindtree limited,LTIM,Axis Direct,Finance,13.3021275621731,0.0038367830225198,2023
2023-02-25,ltimindtree limited,LTIM,Axis Direct,Finance,10.02256080600797,-0.0194023170363584,2023
2023-07-18,ltimindtree limited,LTIM,Axis Direct,Finance,4.575947532067632,-0.0320775347912525,2023
2023-10-19,ltimindtree limited,LTIM,Axis Direct,Finance,-4.17384294037891,-0.0494414942318256,2023
2024-01-18,ltimindtree limited,LTIM,Axis Direct,Finance,14.22452257719079,-0.0423009316224291,2024
2024-04-25,ltimindtree limited,LTIM,Axis Direct,Finance,8.313375191490284,0.0024674065294687,2024
2024-07-18,ltimindtree limited,LTIM,Axis Direct,Finance,5.980385987936746,-0.031672720982529,2024
2019-07-20,ltimindtree limited,LTIM,BOB Capital Markets Ltd.,Finance,32.58575197889182,-0.0016333877795926,2019
2019-12-12,ltimindtree limited,LTIM,BOB Capital Markets Ltd.,Finance,22.549766789622893,0.0230134474327628,2019
2020-05-21,ltimindtree limited,LTIM,BOB Capital Markets Ltd.,Finance,18.098116586908453,0.0077873329785147,2020
2020-07-16,ltimindtree limited,LTIM,BOB Capital Markets Ltd.,Finance,23.233215547703185,-0.0199523396880416,2020
2020-07-17,ltimindtree limited,LTIM,BOB Capital Markets Ltd.,Finance,24.016535538071757,0.0338181818181818,2020
2020-10-21,ltimindtree limited,LTIM,BOB Capital Markets Ltd.,Finance,17.276187053884975,-0.0618029889121003,2020
2020-11-13,ltimindtree limited,LTIM,BOB Capital Markets Ltd.,Finance,15.484522095928256,0.0156540022010874,2020
2020-12-11,ltimindtree limited,LTIM,BOB Capital Markets Ltd.,Finance,18.09156685481773,0.0204925509273335,2020
2021-05-05,ltimindtree limited,LTIM,BOB Capital Markets Ltd.,Finance,24.98009871039644,-0.0622279129321382,2021
2021-05-06,ltimindtree limited,LTIM,BOB Capital Markets Ltd.,Finance,24.98009871039644,-0.0689668555460685,2021
2021-10-19,ltimindtree limited,LTIM,BOB Capital Markets Ltd.,Finance,14.983105552473654,-0.0395753746694094,2021
2022-04-20,ltimindtree limited,LTIM,BOB Capital Markets Ltd.,Finance,57.43767286230973,-0.0824682374902378,2022
2020-10-22,ltimindtree limited,LTIM,Dolat Capital,Finance,6.487549148099607,-0.0327064860826919,2020
2018-07-24,ltimindtree limited,LTIM,Emkay,Finance,-3.943292495744152,0.0463128491620112,2018
2019-01-18,ltimindtree limited,LTIM,Emkay,Finance,0.5005561735261401,-0.0507202216066481,2019
2019-05-03,ltimindtree limited,LTIM,Emkay,Finance,20.38140643623361,0.0212989982250835,2019
2024-04-25,ltimindtree limited,LTIM,Emkay,Finance,7.881847800289128,0.0024674065294687,2024
2023-05-16,ltimindtree limited,LTIM,Geojit BNP Paribas,Finance,7.938049640523216,0.0239987352445194,2023
2023-07-20,ltimindtree limited,LTIM,Geojit BNP Paribas,Finance,13.639782951023555,-0.0066496424923391,2023
2017-05-22,ltimindtree limited,LTIM,HDFC Securities,Finance,12.842213246137074,-0.0050057758952637,2017
2017-07-25,ltimindtree limited,LTIM,HDFC Securities,Finance,15.659519168291098,0.0051232166018158,2017
2017-11-07,ltimindtree limited,LTIM,HDFC Securities,Finance,11.260545298936304,0.1614090113999637,2017
2017-12-14,ltimindtree limited,LTIM,HDFC Securities,Finance,13.345873727873428,-0.0244403944109538,2017
2017-12-21,ltimindtree limited,LTIM,HDFC Securities,Finance,12.440191387559809,0.0737523992322456,2017
2018-01-26,ltimindtree limited,LTIM,HDFC Securities,Finance,14.519427402862986,0.0082334423053638,2018
2018-05-24,ltimindtree limited,LTIM,HDFC Securities,Finance,1.7751479289940828,0.0317704937466659,2018
2018-07-24,ltimindtree limited,LTIM,HDFC Securities,Finance,11.070800658610771,0.0463128491620112,2018
2018-10-25,ltimindtree limited,LTIM,HDFC Securities,Finance,33.833302847387365,0.0864987864077669,2018
2019-01-19,ltimindtree limited,LTIM,HDFC Securities,Finance,24.582869855394883,-0.0507202216066481,2019
2019-05-03,ltimindtree limited,LTIM,HDFC Securities,Finance,24.85101311084625,0.0212989982250835,2019
2019-07-20,ltimindtree limited,LTIM,HDFC Securities,Finance,39.51187335092348,-0.0016333877795926,2019
2019-10-19,ltimindtree limited,LTIM,HDFC Securities,Finance,14.553582515832616,0.057860465116279,2019
2020-01-15,ltimindtree limited,LTIM,HDFC Securities,Finance,9.907446360959195,-0.0107197943444729,2020
2022-04-20,ltimindtree limited,LTIM,ICICI Direct,Finance,16.047424714233212,-0.0824682374902378,2022
2022-05-09,ltimindtree limited,LTIM,ICICI Direct,Finance,12.162557036570847,-0.0859821428571428,2022
2022-07-16,ltimindtree limited,LTIM,ICICI Direct,Finance,12.71716294926469,0.1239520958083832,2022
2022-10-16,ltimindtree limited,LTIM,ICICI Direct,Finance,17.688407958079484,0.0094375798892203,2022
2023-01-22,ltimindtree limited,LTIM,ICICI Direct,Finance,15.74372371457691,0.0038367830225198,2023
2023-03-15,ltimindtree limited,LTIM,ICICI Direct,Finance,15.846090194455934,0.0152292576419213,2023
2024-07-18,ltimindtree limited,LTIM,ICICI Direct,Finance,-1.120929103706174,-0.031672720982529,2024
2019-05-03,ltimindtree limited,LTIM,ICICI Securities Limited,Finance,15.613825983313468,0.0212989982250835,2019
2019-07-19,ltimindtree limited,LTIM,ICICI Securities Limited,Finance,12.796833773087071,-0.0016333877795926,2019
2019-12-12,ltimindtree limited,LTIM,ICICI Securities Limited,Finance,14.62366246989604,0.0230134474327628,2019
2020-01-16,ltimindtree limited,LTIM,ICICI Securities Limited,Finance,13.018109180750132,0.0159317585301836,2020
2020-05-21,ltimindtree limited,LTIM,ICICI Securities Limited,Finance,14.85237268194296,0.0077873329785147,2020
2020-10-22,ltimindtree limited,LTIM,ICICI Securities Limited,Finance,16.972477064220186,-0.0327064860826919,2020
2020-12-11,ltimindtree limited,LTIM,ICICI Securities Limited,Finance,17.785630153121314,0.0204925509273335,2020
2021-05-06,ltimindtree limited,LTIM,ICICI Securities Limited,Finance,20.13587419832912,-0.0689668555460685,2021
2021-07-17,ltimindtree limited,LTIM,ICICI Securities Limited,Finance,18.10381010119852,0.0190870980585025,2021
2021-10-19,ltimindtree limited,LTIM,ICICI Securities Limited,Finance,0.0194722182242968,-0.0395753746694094,2021
2021-10-19,ltimindtree limited,LTIM,ICICI Securities Limited,Finance,10.228165097296174,-0.0395753746694094,2021
2021-12-10,ltimindtree limited,LTIM,ICICI Securities Limited,Finance,15.677735438214482,0.0471638655462185,2021
2022-01-20,ltimindtree limited,LTIM,ICICI Securities Limited,Finance,21.850615686185478,-0.1009049429657794,2022
2022-04-20,ltimindtree limited,LTIM,ICICI Securities Limited,Finance,-8.887406689996077,-0.0824682374902378,2022
2022-10-17,ltimindtree limited,LTIM,ICICI Securities Limited,Finance,-0.0760407407010781,0.0094375798892203,2022
2023-03-15,ltimindtree limited,LTIM,ICICI Securities Limited,Finance,23.7368484437097,0.0152292576419213,2023
2023-07-19,ltimindtree limited,LTIM,ICICI Securities Limited,Finance,6.475510632554521,-0.0288611388611388,2023
2023-10-20,ltimindtree limited,LTIM,ICICI Securities Limited,Finance,-3.51423650555169,-0.0402811170704642,2023
2018-01-08,ltimindtree limited,LTIM,IDBI Capital,Finance,-0.3676800286969697,0.011036036036036,2018
2018-01-25,ltimindtree limited,LTIM,IDBI Capital,Finance,14.192229038854808,0.0082334423053638,2018
2018-07-24,ltimindtree limited,LTIM,IDBI Capital,Finance,0.9683811012195412,0.0463128491620112,2018
2018-10-29,ltimindtree limited,LTIM,IDBI Capital,Finance,11.907582938388623,0.0217365692742696,2018
2019-07-22,ltimindtree limited,LTIM,IDBI Capital,Finance,26.462433218367483,0.037072308006258,2019
2020-01-16,ltimindtree limited,LTIM,IDBI Capital,Finance,11.748001682793442,0.0159317585301836,2020
2020-05-21,ltimindtree limited,LTIM,IDBI Capital,Finance,-0.946831755280413,0.0077873329785147,2020
2020-12-11,ltimindtree limited,LTIM,IDBI Capital,Finance,7.138535995160314,0.0204925509273335,2020
2021-01-21,ltimindtree limited,LTIM,IDBI Capital,Finance,2.936062397535889,-0.001536523929471,2021
2021-05-06,ltimindtree limited,LTIM,IDBI Capital,Finance,17.66794101583834,-0.0689668555460685,2021
2021-10-19,ltimindtree limited,LTIM,IDBI Capital,Finance,-9.119421165109438,-0.0395753746694094,2021
2022-07-15,ltimindtree limited,LTIM,IDBI Capital,Finance,14.075807324099578,0.1239520958083832,2022
2022-10-17,ltimindtree limited,LTIM,IDBI Capital,Finance,3.299331085666267,0.0094375798892203,2022
2023-01-23,ltimindtree limited,LTIM,IDBI Capital,Finance,14.446593497144548,0.0038367830225198,2023
2023-03-15,ltimindtree limited,LTIM,IDBI Capital,Finance,8.87790431809768,0.0152292576419213,2023
2023-07-18,ltimindtree limited,LTIM,IDBI Capital,Finance,-0.5228797376603309,-0.0320775347912525,2023
2023-10-19,ltimindtree limited,LTIM,IDBI Capital,Finance,-10.037011249954196,-0.0494414942318256,2023
2024-04-25,ltimindtree limited,LTIM,IDBI Capital,Finance,7.881847800289128,0.0024674065294687,2024
2024-07-18,ltimindtree limited,LTIM,IDBI Capital,Finance,-4.896732616512353,-0.031672720982529,2024
2017-11-07,ltimindtree limited,LTIM,Motilal Oswal,Finance,16.151118718669768,0.1614090113999637,2017
2017-12-13,ltimindtree limited,LTIM,Motilal Oswal,Finance,12.792555691324363,-0.0429176470588235,2017
2018-05-24,ltimindtree limited,LTIM,Motilal Oswal,Finance,0.591715976331361,0.0317704937466659,2018
2019-05-03,ltimindtree limited,LTIM,Motilal Oswal,Finance,13.825983313468416,0.0212989982250835,2019
2019-07-19,ltimindtree limited,LTIM,Motilal Oswal,Finance,12.137203166226913,-0.0016333877795926,2019
2019-12-04,ltimindtree limited,LTIM,Motilal Oswal,Finance,23.513127072495514,-0.0218432076600837,2019
2019-12-11,ltimindtree limited,LTIM,Motilal Oswal,Finance,24.48260003066074,-0.0096090324905411,2019
2020-05-20,ltimindtree limited,LTIM,Motilal Oswal,Finance,15.412628158440242,0.016695484565889,2020
2020-12-10,ltimindtree limited,LTIM,Motilal Oswal,Finance,8.607529102228746,0.0083110941669843,2020
2021-01-05,ltimindtree limited,LTIM,Motilal Oswal,Finance,-1.1852712982385225,0.0333132384856521,2021
2021-01-20,ltimindtree limited,LTIM,Motilal Oswal,Finance,-5.009612122582832,-0.047757793764988,2021
2021-07-17,ltimindtree limited,LTIM,Motilal Oswal,Finance,-2.274180290437491,0.0190870980585025,2021
2021-10-18,ltimindtree limited,LTIM,Motilal Oswal,Finance,-6.2019065957710575,-0.0027234636871508,2021
2021-12-09,ltimindtree limited,LTIM,Motilal Oswal,Finance,0.405250105848911,0.0347276853252647,2021
2022-04-19,ltimindtree limited,LTIM,Motilal Oswal,Finance,25.718043440419315,-0.1167766776677667,2022
2022-07-15,ltimindtree limited,LTIM,Motilal Oswal,Finance,3.659533783698779,0.1239520958083832,2022
2022-10-16,ltimindtree limited,LTIM,Motilal Oswal,Finance,1.6835959800510492,0.0094375798892203,2022
2022-12-05,ltimindtree limited,LTIM,Motilal Oswal,Finance,2.791996760494644,-0.1252373257927691,2022
2023-03-14,ltimindtree limited,LTIM,Motilal Oswal,Finance,0.5047132112241252,0.0203230735647239,2023
2023-04-28,ltimindtree limited,LTIM,Motilal Oswal,Finance,5.216712486847915,0.0196007628161004,2023
2023-04-28,ltimindtree limited,LTIM,Motilal Oswal,Finance,5.216712486847915,0.0196007628161004,2023
2023-07-17,ltimindtree limited,LTIM,Motilal Oswal,Finance,-8.468601809205728,-0.0338514851485148,2023
2024-01-18,ltimindtree limited,LTIM,Motilal Oswal,Finance,17.794038907728,-0.0423009316224291,2024
2024-07-18,ltimindtree limited,LTIM,Motilal Oswal,Finance,21.59321857249562,-0.031672720982529,2024
2019-05-05,ltimindtree limited,LTIM,Prabhudas Lilladhar,Finance,18.05721096543504,0.0031379219331944,2019
2019-12-12,ltimindtree limited,LTIM,Prabhudas Lilladhar,Finance,11.270310642319291,0.0230134474327628,2019
2020-07-17,ltimindtree limited,LTIM,Prabhudas Lilladhar,Finance,7.0315435796547305,0.0338181818181818,2020
2020-10-22,ltimindtree limited,LTIM,Prabhudas Lilladhar,Finance,13.192754357022684,-0.0327064860826919,2020
2020-12-11,ltimindtree limited,LTIM,Prabhudas Lilladhar,Finance,7.111392757229639,0.0204925509273335,2020
2021-01-20,ltimindtree limited,LTIM,Prabhudas Lilladhar,Finance,11.058799577549026,-0.047757793764988,2021
2021-07-19,ltimindtree limited,LTIM,Prabhudas Lilladhar,Finance,6.090508536809244,-0.0115,2021
2021-12-09,ltimindtree limited,LTIM,Prabhudas Lilladhar,Finance,1.4637391882900892,0.0347276853252647,2021
2022-02-21,ltimindtree limited,LTIM,Prabhudas Lilladhar,Finance,33.95941759880021,0.0209075043630017,2022
2022-04-20,ltimindtree limited,LTIM,Prabhudas Lilladhar,Finance,25.03312818398656,-0.0824682374902378,2022
2022-05-09,ltimindtree limited,LTIM,Prabhudas Lilladhar,Finance,47.01707004605105,-0.0859821428571428,2022
2022-07-15,ltimindtree limited,LTIM,Prabhudas Lilladhar,Finance,1.5240467295261817,0.1239520958083832,2022
2024-04-25,ltimindtree limited,LTIM,Prabhudas Lilladhar,Finance,8.205493343689994,0.0024674065294687,2024
2024-07-18,ltimindtree limited,LTIM,Prabhudas Lilladhar,Finance,4.91757716826765,-0.031672720982529,2024
2023-03-15,ltimindtree limited,LTIM,Sharekhan,Finance,13.550257519684603,0.0152292576419213,2023
2023-04-28,ltimindtree limited,LTIM,Sharekhan,Finance,15.398974985575132,0.0196007628161004,2023
2023-04-28,ltimindtree limited,LTIM,Sharekhan,Finance,15.398974985575132,0.0196007628161004,2023
2024-01-17,ltimindtree limited,LTIM,Sharekhan,Finance,6.125310727261132,-0.0360263157894737,2024
2024-04-24,ltimindtree limited,LTIM,Sharekhan,Finance,10.011001100110006,0.0070279724031373,2024
2017-01-10,nandan denim limited,NDL,GEPL Capital,Telecommunications,16.861435726210352,0.0058227848101267,2017
2018-06-05,nandan denim limited,NDL,Karvy,Telecommunications,-1.0025062656641568,0.1479999999999996,2018
2018-08-21,nandan denim limited,NDL,Karvy,Telecommunications,2.735156771180783,-0.0153846153846151,2018
2018-11-13,nandan denim limited,NDL,Karvy,Telecommunications,-3.774981495188745,-0.0195652173913044,2018
2019-02-15,nandan denim limited,NDL,Karvy,Telecommunications,-7.084785133565616,-0.0387323943661969,2019
2019-06-07,nandan denim limited,NDL,Karvy,Telecommunications,-2.2646007151370746,-0.0761654629021668,2019
2017-06-05,nandan denim limited,NDL,Ventura,Telecommunications,31.037064769749144,-0.0282997509621916,2017
2017-05-24,nrb bearing limited,NRBBEARING,HDFC Securities,Manufacturing,40.36617262423714,0.0142241379310345,2017
2017-05-31,nrb bearing limited,NRBBEARING,HDFC Securities,Manufacturing,37.3134328358209,0.0775423728813559,2017
2017-08-14,nrb bearing limited,NRBBEARING,HDFC Securities,Manufacturing,37.02127659574468,0.0084745762711864,2017
2017-11-07,nrb bearing limited,NRBBEARING,HDFC Securities,Manufacturing,20.15368494586098,-0.0334356874786762,2017
2018-02-15,nrb bearing limited,NRBBEARING,HDFC Securities,Manufacturing,24.961715160796324,-0.0339393939393939,2018
2018-05-23,nrb bearing limited,NRBBEARING,HDFC Securities,Manufacturing,37.21150806196648,-0.0012360939431397,2018
2018-08-13,nrb bearing limited,NRBBEARING,HDFC Securities,Manufacturing,20.62256809338521,-0.0238888888888889,2018
2018-11-03,nrb bearing limited,NRBBEARING,HDFC Securities,Manufacturing,30.76227779451643,0.0502189781021897,2018
2019-02-06,nrb bearing limited,NRBBEARING,HDFC Securities,Manufacturing,16.666666666666664,0.0016025641025641,2019
2023-12-11,nrb bearing limited,NRBBEARING,ICICI Direct,Manufacturing,12.469437652811736,-0.0448051948051948,2023
2024-05-21,nrb bearing limited,NRBBEARING,ICICI Direct,Manufacturing,14.400114400114408,-0.1058740268931351,2024
2015-11-17,nrb bearing limited,NRBBEARING,ICICI Securities Limited,Manufacturing,-6.25,0.0597222222222221,2015
2016-05-27,nrb bearing limited,NRBBEARING,ICICI Securities Limited,Manufacturing,9.734513274336283,-0.0091304347826086,2016
2016-08-17,nrb bearing limited,NRBBEARING,ICICI Securities Limited,Manufacturing,14.811568799298866,0.0055178268251273,2016
2016-11-15,nrb bearing limited,NRBBEARING,ICICI Securities Limited,Manufacturing,8.597285067873303,-0.0539473684210526,2016
2017-02-09,nrb bearing limited,NRBBEARING,ICICI Securities Limited,Manufacturing,1.9503546099290805,-0.0281566212054553,2017
2017-05-29,nrb bearing limited,NRBBEARING,ICICI Securities Limited,Manufacturing,5.534105534105536,0.0516949152542372,2017
2017-08-17,nrb bearing limited,NRBBEARING,ICICI Securities Limited,Manufacturing,10.16949152542373,-0.0145833333333333,2017
2017-11-09,nrb bearing limited,NRBBEARING,ICICI Securities Limited,Manufacturing,17.85095320623917,-0.0259695290858725,2017
2018-02-14,nrb bearing limited,NRBBEARING,ICICI Securities Limited,Manufacturing,30.303030303030305,-0.063766388557807,2018
2018-05-24,nrb bearing limited,NRBBEARING,ICICI Securities Limited,Manufacturing,34.71177944862156,0.0519645120405575,2018
2018-08-10,nrb bearing limited,NRBBEARING,ICICI Securities Limited,Manufacturing,20.786516853932586,-0.0064606741573034,2018
2018-11-05,nrb bearing limited,NRBBEARING,ICICI Securities Limited,Manufacturing,25.0,0.0494505494505493,2018
2019-02-06,nrb bearing limited,NRBBEARING,ICICI Securities Limited,Manufacturing,15.591397849462366,0.0016025641025641,2019
2019-06-04,nrb bearing limited,NRBBEARING,ICICI Securities Limited,Manufacturing,8.791531902381646,-0.0314151497357605,2019
2019-10-31,nrb bearing limited,NRBBEARING,ICICI Securities Limited,Manufacturing,-12.883998165978907,-0.0334261838440112,2019
2020-02-18,nrb bearing limited,NRBBEARING,ICICI Securities Limited,Manufacturing,-3.173749327595484,-0.0195652173913043,2020
2020-03-31,nrb bearing limited,NRBBEARING,ICICI Securities Limited,Manufacturing,-4.596704249783172,0.0153061224489796,2020
2020-12-17,nrb bearing limited,NRBBEARING,ICICI Securities Limited,Manufacturing,18.40688912809472,0.0453091684434968,2020
2021-02-08,nrb bearing limited,NRBBEARING,ICICI Securities Limited,Manufacturing,26.528890763390976,-0.0355648535564853,2021
2021-06-16,nrb bearing limited,NRBBEARING,ICICI Securities Limited,Manufacturing,34.770889487870626,0.008588498879761,2021
2021-12-29,nrb bearing limited,NRBBEARING,ICICI Securities Limited,Manufacturing,38.888888888888886,0.149749373433584,2021
2016-12-22,nrb bearing limited,NRBBEARING,Karvy,Manufacturing,10.2803738317757,-0.0336363636363636,2016
2017-02-09,nrb bearing limited,NRBBEARING,Karvy,Manufacturing,7.269503546099293,-0.0281566212054553,2017
2017-06-09,nrb bearing limited,NRBBEARING,Karvy,Manufacturing,3.951584193663234,-0.0110714285714286,2017
2017-08-16,nrb bearing limited,NRBBEARING,Karvy,Manufacturing,15.15664690939882,0.0,2017
2017-11-09,nrb bearing limited,NRBBEARING,Karvy,Manufacturing,10.918544194107453,-0.0259695290858725,2017
2018-02-28,nrb bearing limited,NRBBEARING,Karvy,Manufacturing,20.48192771084338,-0.0212025316455695,2018
2018-05-23,nrb bearing limited,NRBBEARING,Karvy,Manufacturing,20.13910844135314,-0.0012360939431397,2018
2018-08-14,nrb bearing limited,NRBBEARING,Karvy,Manufacturing,7.253739768557716,-0.0128133704735376,2018
2018-11-06,nrb bearing limited,NRBBEARING,Karvy,Manufacturing,5.643591882123995,0.0250143760782058,2018
2019-02-13,nrb bearing limited,NRBBEARING,Karvy,Manufacturing,8.37171498238959,-0.0090473656200107,2019
2017-05-30,nrb bearing limited,NRBBEARING,Religare,Manufacturing,14.782608695652174,0.0675502351432235,2017
2017-08-18,nrb bearing limited,NRBBEARING,Religare,Manufacturing,13.934426229508196,-0.0329134498171474,2017
2017-11-09,nrb bearing limited,NRBBEARING,Religare,Manufacturing,19.930675909878683,-0.0259695290858725,2017
2018-02-14,nrb bearing limited,NRBBEARING,Religare,Manufacturing,20.0,-0.063766388557807,2018
2018-09-06,orient paper & industries limited,ORIENTPPR,Edelweiss,Manufacturing,17.02127659574468,-0.0127118644067796,2018
2020-08-31,orient paper & industries limited,ORIENTPPR,IDBI Capital,Manufacturing,1.1235955056179736,-0.0357142857142856,2020
2019-01-21,orient paper & industries limited,ORIENTPPR,Joindre Capital Services,Manufacturing,43.19809069212411,-0.1774580335731416,2019
2015-08-17,pennar industries limited,PENIND,Phillip Capital,Technology,20.689655172413797,-0.1274593669803251,2015
2015-11-13,pennar industries limited,PENIND,Phillip Capital,Technology,44.47884416924664,0.0934873949579831,2015
2016-05-24,pennar industries limited,PENIND,Phillip Capital,Technology,27.27272727272727,0.0161290322580645,2016
2016-08-17,pennar industries limited,PENIND,Phillip Capital,Technology,29.31034482758621,-0.0547798066595058,2016
2024-06-21,pg electroplast limited,PGEL,Asit C Mehta Investment Intermediates,Manufacturing,28.489006705130205,0.1087648159700561,2024
2022-11-08,poly medicure limited,POLYMED,ICICI Securities Limited,Healthcare,1.8287614297589383,-0.0505825242718446,2022
2023-01-30,poly medicure limited,POLYMED,ICICI Securities Limited,Healthcare,13.718515118480688,-0.0205294117647059,2023
2023-08-09,poly medicure limited,POLYMED,ICICI Securities Limited,Healthcare,1.6888250089831118,-0.0622477017537908,2023
2024-07-25,poly medicure limited,POLYMED,ICICI Securities Limited,Healthcare,-4.1075577084672,-0.0283977163194187,2024
2018-03-06,premier explosives limited,PREMEXPLN,Karvy,Energy,16.68399168399168,-0.0436031331592689,2018
2018-05-29,premier explosives limited,PREMEXPLN,Karvy,Energy,14.566804189146296,-0.1422955974842767,2018
2018-08-14,premier explosives limited,PREMEXPLN,Karvy,Energy,6.726457399103139,-0.0312295260974011,2018
2018-10-31,premier explosives limited,PREMEXPLN,Karvy,Energy,-4.78752017213556,0.0020997375328084,2018
2019-05-27,premier explosives limited,PREMEXPLN,Karvy,Energy,-0.7870259957071336,0.0560747663551402,2019
2017-05-29,premier explosives limited,PREMEXPLN,Rudra Shares and Stock Brokers Ltd,Energy,37.40793668242277,0.080216862137641,2017
2021-07-01,rail vikas nigam limited,RVNL,IDBI Capital,Finance,12.324492979719198,-0.0092024539877301,2021
2022-08-12,rail vikas nigam limited,RVNL,IDBI Capital,Finance,35.70274636510501,-0.0048309178743962,2022
2024-02-12,rail vikas nigam limited,RVNL,IDBI Capital,Finance,8.013937282229968,0.1652078774617068,2024
2024-05-21,rail vikas nigam limited,RVNL,IDBI Capital,Finance,-11.338697878566204,0.089067055393586,2024
2021-01-06,rail vikas nigam limited,RVNL,Way2Wealth,Finance,6.544901065449007,0.1455805892547658,2021
2017-11-08,rain industries limited,RAIN,AUM Capital,Manufacturing,17.478510028653297,0.001917808219178,2017
2017-02-27,rain industries limited,RAIN,IDBI Capital,Manufacturing,21.821407451212306,0.2066744730679156,2017
2017-05-08,rain industries limited,RAIN,IDBI Capital,Manufacturing,27.75735294117647,-0.0191780821917807,2017
2017-08-14,rain industries limited,RAIN,IDBI Capital,Manufacturing,19.8501872659176,0.137603305785124,2017
2017-11-10,rain industries limited,RAIN,IDBI Capital,Manufacturing,7.801418439716312,-0.1492268041237112,2017
2018-03-01,rain industries limited,RAIN,IDBI Capital,Manufacturing,44.57831325301204,0.0789583044743039,2018
2018-05-14,rain industries limited,RAIN,IDBI Capital,Manufacturing,55.020080321285135,-0.1060240963855422,2018
2018-08-16,rain industries limited,RAIN,IDBI Capital,Manufacturing,35.16609392898053,-0.0802967488544621,2018
2017-11-01,rain industries limited,RAIN,Motilal Oswal,Manufacturing,38.194311891582366,0.2417883211678832,2017
2017-11-08,rain industries limited,RAIN,Motilal Oswal,Manufacturing,44.72716575967055,0.001917808219178,2017
2018-03-01,rain industries limited,RAIN,Motilal Oswal,Manufacturing,32.945575405068546,0.0789583044743039,2018
2018-11-19,rain industries limited,RAIN,Motilal Oswal,Manufacturing,27.713920817369097,-0.0448717948717948,2018
2024-03-04,religare enterprises limited,RELIGARE,Ventura,Finance,127.30185857722708,-0.0584443489471422,2024
2024-06-13,rossari biotech limited,ROSSARI,Anand Rathi,Technology,25.727898358920054,0.0836842105263158,2024
2020-11-16,rossari biotech limited,ROSSARI,Edelweiss,Technology,17.29903536977492,-0.0162345679012345,2020
2021-06-03,rossari biotech limited,ROSSARI,Edelweiss,Technology,13.977393564648896,-0.0286827747466874,2021
2021-11-03,rossari biotech limited,ROSSARI,Edelweiss,Technology,12.87517116316939,0.0136861313868613,2021
2022-02-16,rossari biotech limited,ROSSARI,Edelweiss,Technology,16.37849135474065,-0.0624734782403696,2022
2022-05-25,rossari biotech limited,ROSSARI,Edelweiss,Technology,29.133681432822417,-0.0113382484361037,2022
2022-08-11,rossari biotech limited,ROSSARI,Edelweiss,Technology,23.935768940618605,-0.000534188034188,2022
2022-11-11,rossari biotech limited,ROSSARI,Edelweiss,Technology,41.338487557381015,-0.0288125376732971,2022
2023-05-03,rossari biotech limited,ROSSARI,Edelweiss,Technology,34.46598417193059,-0.001877798642207,2023
2023-10-24,rossari biotech limited,ROSSARI,Edelweiss,Technology,16.331658291457288,-0.0715417273937012,2023
2024-01-24,rossari biotech limited,ROSSARI,Edelweiss,Technology,18.634296329511248,0.012851662404092,2024
2024-05-01,rossari biotech limited,ROSSARI,Edelweiss,Technology,29.43262411347517,-0.0351351351351351,2024
2020-09-21,rossari biotech limited,ROSSARI,Geojit BNP Paribas,Technology,-100.0,0.0042145593869731,2020
2022-05-24,rossari biotech limited,ROSSARI,ICICI Securities Limited,Technology,2.390998593530239,-0.029202358438091,2022
2022-08-10,rossari biotech limited,ROSSARI,ICICI Securities Limited,Technology,-1.5832263585793704,0.0397042716319824,2022
2022-11-09,rossari biotech limited,ROSSARI,ICICI Securities Limited,Technology,4.310293147892818,-0.0223021582733813,2022
2023-02-07,rossari biotech limited,ROSSARI,ICICI Securities Limited,Technology,4.834012813046018,0.005985401459854,2023
2023-05-03,rossari biotech limited,ROSSARI,ICICI Securities Limited,Technology,-1.2560807376751584,-0.001877798642207,2023
2023-08-01,rossari biotech limited,ROSSARI,ICICI Securities Limited,Technology,-13.823844050873642,-0.0092559839641551,2023
2023-10-24,rossari biotech limited,ROSSARI,ICICI Securities Limited,Technology,-9.547738693467336,-0.0715417273937012,2023
2022-05-26,rossari biotech limited,ROSSARI,KRChoksey,Technology,41.46093441048529,-0.0202105027432539,2022
2022-08-10,rossari biotech limited,ROSSARI,KRChoksey,Technology,33.93239195549851,0.0397042716319824,2022
2023-02-10,rossari biotech limited,ROSSARI,KRChoksey,Technology,41.04699152849179,-0.0061327561327561,2023
2023-08-01,rossari biotech limited,ROSSARI,KRChoksey,Technology,16.3920824937774,-0.0092559839641551,2023
2023-10-27,rossari biotech limited,ROSSARI,KRChoksey,Technology,10.434269994104929,-0.053381018610504,2023
2024-01-25,rossari biotech limited,ROSSARI,KRChoksey,Technology,18.932819029251043,0.0,2024
2024-05-08,rossari biotech limited,ROSSARI,KRChoksey,Technology,16.336976068612536,-0.015298245614035,2024
2024-07-24,rossari biotech limited,ROSSARI,KRChoksey,Technology,13.508900268227256,0.0088619973108421,2024
2022-05-26,rossari biotech limited,ROSSARI,Yes Securities,Technology,53.09869498898369,-0.0202105027432539,2022
2022-05-03,vardhman special steels limited,VSSL,ICICI Direct,Manufacturing,20.50612572805785,-0.0713169367442624,2022
2022-07-27,vardhman special steels limited,VSSL,ICICI Direct,Manufacturing,5.440742302825814,0.0247271487039563,2022
2023-02-03,vardhman special steels limited,VSSL,ICICI Direct,Manufacturing,2.5883838383838347,0.0767536961308588,2023
2023-03-17,vardhman special steels limited,VSSL,ICICI Direct,Manufacturing,16.26316509369443,0.0550149497145963,2023
2023-10-19,vardhman special steels limited,VSSL,ICICI Direct,Manufacturing,17.860380779691752,-0.0455560518088433,2023
2019-04-18,vardhman special steels limited,VSSL,ICICI Securities Limited,Manufacturing,35.41666666666667,0.0025257431513503,2019
2020-06-24,vardhman special steels limited,VSSL,ICICI Securities Limited,Manufacturing,4.838709677419355,-0.0439628482972135,2020
2020-11-25,vardhman special steels limited,VSSL,ICICI Securities Limited,Manufacturing,16.182572614107876,0.1020833333333333,2020
2021-01-29,vardhman special steels limited,VSSL,ICICI Securities Limited,Manufacturing,18.744698897370647,0.0249363867684478,2021
2021-05-16,vardhman special steels limited,VSSL,ICICI Securities Limited,Manufacturing,24.57825071372956,-0.0102385685884691,2021
2021-07-02,vardhman special steels limited,VSSL,ICICI Securities Limited,Manufacturing,22.274302017525983,0.0532902704884941,2021
2021-10-25,vardhman special steels limited,VSSL,ICICI Securities Limited,Manufacturing,29.77099236641221,0.0270676691729322,2021
2022-01-31,vardhman special steels limited,VSSL,ICICI Securities Limited,Manufacturing,16.144018583042968,-0.0140053866871873,2022
2021-10-13,vardhman special steels limited,VSSL,Ventura,Manufacturing,90.89686959861724,0.0441295546558703,2021
