date,Company Name,Symbol,author,Sector,expected_return,actual_return
2024-07-29,havells india limited,HAVELLS,Geojit BNP Paribas,Consumer Goods,-10.535481062255112,-0.01186329995646493
2024-07-21,havells india limited,HAVELLS,Anand Rathi,Consumer Goods,21.3457732541702,0.03646464931329133
2024-07-19,havells india limited,HAVELLS,Keynote Capitals Ltd,Consumer Goods,-2.7424370935821316,0.03996040723981906
2024-07-19,havells india limited,HAVELLS,Prabhudas Lilladhar,Consumer Goods,11.733107152954481,0.03996040723981906
2024-06-05,havells india limited,HAVELLS,BOB Capital Markets Ltd.,Consumer Goods,-0.7139669790272174,0.011187845303867404
2024-05-06,havells india limited,HAVELLS,Keynote Capitals Ltd,Consumer Goods,4.405444126074496,0.01454112038140649
2024-05-02,havells india limited,HAVELLS,Geojit BNP Paribas,Consumer Goods,6.677060534284767,-0.0026816840976133013
2024-05-02,havells india limited,HAVELLS,ICICI Securities Limited,Consumer Goods,16.331364494947977,-0.0026816840976133013
2024-05-02,havells india limited,HAVELLS,BOB Capital Markets Ltd.,Consumer Goods,6.737025155158451,-0.0026816840976133013
2024-05-02,havells india limited,HAVELLS,Anand Rathi,Consumer Goods,14.592390489611123,-0.0026816840976133013
2024-05-01,havells india limited,HAVELLS,Prabhudas Lilladhar,Consumer Goods,6.610576923076923,-0.0026816840976133013
2024-05-01,havells india limited,HAVELLS,Motilal Oswal,Consumer Goods,6.971153846153847,-0.0026816840976133013
2024-04-30,havells india limited,HAVELLS,BOB Capital Markets Ltd.,Consumer Goods,6.971153846153847,0.0030545670225386066
2024-02-05,havells india limited,HAVELLS,Geojit BNP Paribas,Consumer Goods,11.662623623810413,-0.005149253731343352
2024-01-25,havells india limited,HAVELLS,BOB Capital Markets Ltd.,Consumer Goods,23.99736505599257,0.04413531212461739
2024-01-25,havells india limited,HAVELLS,Keynote Capitals Ltd,Consumer Goods,17.177509977912976,0.04413531212461739
2024-01-24,havells india limited,HAVELLS,BOB Capital Markets Ltd.,Consumer Goods,22.549019607843146,0.004344843356963044
2023-11-01,havells india limited,HAVELLS,Geojit BNP Paribas,Consumer Goods,14.769292766471892,0.0016399999999999635
2023-10-20,havells india limited,HAVELLS,Keynote Capitals Ltd,Consumer Goods,20.03557755520321,-0.017763157894736877
2023-10-20,havells india limited,HAVELLS,ICICI Securities Limited,Consumer Goods,17.413957584207818,-0.017763157894736877
2023-10-20,havells india limited,HAVELLS,Prabhudas Lilladhar,Consumer Goods,18.952782396844423,-0.017763157894736877
2023-10-20,havells india limited,HAVELLS,ICICI Securities Limited,Consumer Goods,17.413957584207818,-0.017763157894736877
2023-09-27,havells india limited,HAVELLS,Prabhudas Lilladhar,Consumer Goods,9.337788362421348,0.0003898497306492448
2023-07-28,havells india limited,HAVELLS,Geojit BNP Paribas,Consumer Goods,10.935023771790815,0.0030152671755725538
2023-07-21,havells india limited,HAVELLS,ICICI Securities Limited,Consumer Goods,18.689959571232524,0.015791490992717448
2023-07-21,havells india limited,HAVELLS,Prabhudas Lilladhar,Consumer Goods,12.027623249568386,0.015791490992717448
2023-07-21,havells india limited,HAVELLS,Keynote Capitals Ltd,Consumer Goods,15.173604450412432,0.015791490992717448
2023-07-20,havells india limited,HAVELLS,BOB Capital Markets Ltd.,Consumer Goods,18.689959571232524,-0.017266509698396614
2023-07-20,havells india limited,HAVELLS,Motilal Oswal,Consumer Goods,17.20633507659212,-0.017266509698396614
2023-07-18,havells india limited,HAVELLS,Motilal Oswal,Consumer Goods,18.40527577937649,-0.03692762186115214
2023-07-05,havells india limited,HAVELLS,Keynote Capitals Ltd,Consumer Goods,20.658845466552727,7.748334108177315e-05
2023-06-08,havells india limited,HAVELLS,BOB Capital Markets Ltd.,Consumer Goods,10.664355011250873,-0.000516224188790594
2023-05-09,havells india limited,HAVELLS,ICICI Securities Limited,Consumer Goods,15.27148421973129,0.03869514500623478
2023-05-05,havells india limited,HAVELLS,Geojit BNP Paribas,Consumer Goods,13.7035308757194,0.016303501945525326
2023-05-04,havells india limited,HAVELLS,Prabhudas Lilladhar,Consumer Goods,15.197834567311528,0.005766062602965332
2023-05-04,havells india limited,HAVELLS,ICICI Direct,Consumer Goods,13.446381657511353,0.005766062602965332
2023-05-03,havells india limited,HAVELLS,BOB Capital Markets Ltd.,Consumer Goods,20.841053733988566,0.008756426735218582
2023-01-23,havells india limited,HAVELLS,Geojit BNP Paribas,Consumer Goods,9.25,-0.010977630488815244
2023-01-20,havells india limited,HAVELLS,ICICI Securities Limited,Consumer Goods,28.58268696337467,0.02202586206896548
2023-01-19,havells india limited,HAVELLS,BOB Capital Markets Ltd.,Consumer Goods,24.434858351652906,-0.030313014827018085
2022-12-13,havells india limited,HAVELLS,ICICI Securities Limited,Consumer Goods,34.59534560611324,0.010211995863495268
2022-10-21,havells india limited,HAVELLS,ICICI Direct,Consumer Goods,34.22530983318324,0.022100840336134416
2022-10-20,havells india limited,HAVELLS,ICICI Securities Limited,Consumer Goods,24.134064789973163,-0.02275720164609061
2022-10-20,havells india limited,HAVELLS,BOB Capital Markets Ltd.,Consumer Goods,28.650456709121315,-0.02275720164609061
2022-10-14,havells india limited,HAVELLS,ICICI Securities Limited,Consumer Goods,31.686908485316213,-0.07021531100478465
2022-09-09,havells india limited,HAVELLS,ICICI Direct,Consumer Goods,21.466431095406353,-0.0364739392594238
2022-07-25,havells india limited,HAVELLS,Geojit BNP Paribas,Consumer Goods,-11.634049705847033,0.05565573770491811
2022-07-22,havells india limited,HAVELLS,Prabhudas Lilladhar,Consumer Goods,2.014189023893015,0.02393148383395469
2022-07-21,havells india limited,HAVELLS,BOB Capital Markets Ltd.,Consumer Goods,22.304211341677195,-0.019486235595390453
2022-06-21,havells india limited,HAVELLS,ICICI Securities Limited,Consumer Goods,53.472740851381616,0.005954545454545413
2022-06-20,havells india limited,HAVELLS,Geojit BNP Paribas,Consumer Goods,12.48136603875865,0.008600182982616734
2022-06-13,havells india limited,HAVELLS,BOB Capital Markets Ltd.,Consumer Goods,34.698275862068975,0.0033944954128440783
2022-06-10,havells india limited,HAVELLS,BOB Capital Markets Ltd.,Consumer Goods,33.51729048911834,-0.01987023519870231
2022-05-07,havells india limited,HAVELLS,Yes Securities,Consumer Goods,23.324830964816385,-0.0002023963730569948
2022-05-07,havells india limited,HAVELLS,Yes Securities,Consumer Goods,23.324830964816385,-0.0002023963730569948
2022-05-07,havells india limited,HAVELLS,Emkay,Consumer Goods,0.4089234381958746,-0.0002023963730569948
2022-05-06,havells india limited,HAVELLS,ICICI Direct,Consumer Goods,11.016914940858266,-0.0002023963730569948
2022-05-06,havells india limited,HAVELLS,Prabhudas Lilladhar,Consumer Goods,12.62854792266557,-0.0002023963730569948
2022-05-05,havells india limited,HAVELLS,BOB Capital Markets Ltd.,Consumer Goods,21.109361753663563,-0.021214964709722166
2022-02-10,havells india limited,HAVELLS,Geojit BNP Paribas,Consumer Goods,13.726324749946798,0.0003729796933278454
2022-01-23,havells india limited,HAVELLS,Motilal Oswal,Consumer Goods,,0.015126912229723996
2022-01-22,havells india limited,HAVELLS,ICICI Securities Limited,Consumer Goods,22.02488824453305,-0.05096153846153839
2022-01-21,havells india limited,HAVELLS,Prabhudas Lilladhar,Consumer Goods,17.03885757871096,-0.05096153846153839
2021-10-22,havells india limited,HAVELLS,Geojit BNP Paribas,Consumer Goods,-9.644394462325971,-0.02517627222562838
2021-10-21,havells india limited,HAVELLS,Prabhudas Lilladhar,Consumer Goods,8.581843564586816,-0.015697674418604653
2021-10-21,havells india limited,HAVELLS,ICICI Securities Limited,Consumer Goods,17.295798677756448,-0.015697674418604653
2021-10-21,havells india limited,HAVELLS,Motilal Oswal,Consumer Goods,0.05041299879785093,-0.015697674418604653
2021-07-28,havells india limited,HAVELLS,Geojit BNP Paribas,Consumer Goods,-11.217143100583655,0.06357758620689655
2021-07-23,havells india limited,HAVELLS,ICICI Securities Limited,Consumer Goods,17.595628415300546,0.029653024520770437
2021-07-12,havells india limited,HAVELLS,Motilal Oswal,Consumer Goods,-0.24696140622729695,0.04078513778117393
2021-05-25,havells india limited,HAVELLS,Geojit BNP Paribas,Consumer Goods,-7.965818681858365,0.026370887337986086
2021-05-22,havells india limited,HAVELLS,ICICI Securities Limited,Consumer Goods,18.156180103082765,-0.016328502415458915
2021-05-22,havells india limited,HAVELLS,Motilal Oswal,Consumer Goods,1.4378570021666361,-0.016328502415458915
2021-01-25,havells india limited,HAVELLS,Way2Wealth,Consumer Goods,,0.011780336581045133
2021-01-25,havells india limited,HAVELLS,Geojit BNP Paribas,Consumer Goods,-6.771955013161043,0.011780336581045133
2021-01-21,havells india limited,HAVELLS,Prabhudas Lilladhar,Consumer Goods,0.2984011045294534,-0.07990367775831873
2021-01-21,havells india limited,HAVELLS,ICICI Securities Limited,Consumer Goods,10.870621493882233,-0.07990367775831873
2020-11-04,havells india limited,HAVELLS,Way2Wealth,Consumer Goods,,0.0027690603655159685
2020-11-02,havells india limited,HAVELLS,Geojit BNP Paribas,Consumer Goods,-6.431319855860256,0.054247697031729755
2020-09-24,havells india limited,HAVELLS,Motilal Oswal,Consumer Goods,-3.6491920188149543,-0.0015739769150053488
2020-07-29,havells india limited,HAVELLS,ICICI Securities Limited,Consumer Goods,10.439127004996047,0.056903473555594386
2020-07-28,havells india limited,HAVELLS,Geojit BNP Paribas,Consumer Goods,-9.11429306353425,0.012478485370051634
2020-07-27,havells india limited,HAVELLS,Yes Securities,Consumer Goods,-14.779602420051857,-0.01731092436974782
2020-07-27,havells india limited,HAVELLS,Motilal Oswal,Consumer Goods,-2.7608959888869555,-0.01731092436974782
2020-07-27,havells india limited,HAVELLS,Prabhudas Lilladhar,Consumer Goods,-10.14318785904141,-0.01731092436974782
2020-06-29,havells india limited,HAVELLS,Dolat Capital,Consumer Goods,-13.260476723173559,0.008128675198892998
2020-05-28,havells india limited,HAVELLS,Geojit BNP Paribas,Consumer Goods,6.397984886649874,0.135
2020-05-14,havells india limited,HAVELLS,ICICI Securities Limited,Consumer Goods,20.861797162375197,-0.06969545681477779
2020-05-13,havells india limited,HAVELLS,Prabhudas Lilladhar,Consumer Goods,-0.3799938379377678,-0.07921568627450976
2020-05-13,havells india limited,HAVELLS,Motilal Oswal,Consumer Goods,2.804671124862763,-0.07921568627450976
2020-04-15,havells india limited,HAVELLS,Geojit BNP Paribas,Consumer Goods,22.777147181233442,-0.060072595281306755
2020-03-30,havells india limited,HAVELLS,ICICI Securities Limited,Consumer Goods,19.679467166198357,0.1215189873417722
2020-01-31,havells india limited,HAVELLS,HDFC Securities,Consumer Goods,,0.05909052702361936
2020-01-29,havells india limited,HAVELLS,Geojit BNP Paribas,Consumer Goods,10.48440610484407,0.008279220779220817
2020-01-24,havells india limited,HAVELLS,Way2Wealth,Consumer Goods,9.866926322622517,-0.03086816720257242
2020-01-23,havells india limited,HAVELLS,ICICI Securities Limited,Consumer Goods,2.745223952480338,-0.02112903225806455
2020-01-22,havells india limited,HAVELLS,HDFC Securities,Consumer Goods,14.543841251915781,0.025811823480432972
2020-01-22,havells india limited,HAVELLS,Reliance Securities,Consumer Goods,0.29735594310054214,0.025811823480432972
2020-01-22,havells india limited,HAVELLS,Motilal Oswal,Consumer Goods,6.477373558118896,0.025811823480432972
2019-12-16,havells india limited,HAVELLS,Motilal Oswal,Consumer Goods,,0.0013097072419106669
2019-10-29,havells india limited,HAVELLS,Way2Wealth,Consumer Goods,,0.017851851851851785
2019-10-29,havells india limited,HAVELLS,Geojit BNP Paribas,Consumer Goods,-6.465130200538767,0.017851851851851785
2019-10-25,havells india limited,HAVELLS,HDFC Securities,Consumer Goods,11.161251504211801,0.032473376331183405
2019-10-25,havells india limited,HAVELLS,Motilal Oswal,Consumer Goods,9.807460890493388,0.032473376331183405
2019-10-25,havells india limited,HAVELLS,Karvy,Consumer Goods,1.9007010190070068,0.032473376331183405
2019-10-24,havells india limited,HAVELLS,HDFC Securities,Consumer Goods,,0.06438461538461542
2019-10-24,havells india limited,HAVELLS,ICICI Securities Limited,Consumer Goods,7.478728168383345,0.06438461538461542
2019-10-24,havells india limited,HAVELLS,Prabhudas Lilladhar,Consumer Goods,-13.419913419913417,0.06438461538461542
2019-10-24,havells india limited,HAVELLS,Reliance Securities,Consumer Goods,-4.463352739214805,0.06438461538461542
2019-09-20,havells india limited,HAVELLS,Way2Wealth,Consumer Goods,7.7441077441077475,-0.03311886217406034
2019-09-09,havells india limited,HAVELLS,Prabhudas Lilladhar,Consumer Goods,-37.348668280871664,-0.017932808716706886
2019-08-09,havells india limited,HAVELLS,Edelweiss,Consumer Goods,9.23535253227409,0.03263189996950304
2019-07-31,havells india limited,HAVELLS,Karvy,Consumer Goods,5.7432171291644085,0.0061660942866062
2019-07-30,havells india limited,HAVELLS,ICICI Securities Limited,Consumer Goods,13.145281684607523,0.02115399794774643
2019-07-29,havells india limited,HAVELLS,HDFC Securities,Consumer Goods,4.306004358608248,-0.038336237593757205
2019-07-29,havells india limited,HAVELLS,Motilal Oswal,Consumer Goods,5.20778537611783,-0.038336237593757205
2019-07-29,havells india limited,HAVELLS,Chola Wealth Direct,Consumer Goods,12.271736679942883,-0.038336237593757205
2019-07-29,havells india limited,HAVELLS,Geojit BNP Paribas,Consumer Goods,-3.509431126474791,-0.038336237593757205
2019-06-06,havells india limited,HAVELLS,Karvy,Consumer Goods,2.31487402481136,0.0066812283181293146
2019-05-30,havells india limited,HAVELLS,HDFC Securities,Consumer Goods,2.7307293466989284,0.09193492557978536
2019-05-30,havells india limited,HAVELLS,ICICI Securities Limited,Consumer Goods,10.611821638437608,0.09193492557978536
2019-05-30,havells india limited,HAVELLS,Geojit BNP Paribas,Consumer Goods,-5.012098167991704,0.09193492557978536
2019-05-29,havells india limited,HAVELLS,Motilal Oswal,Consumer Goods,8.947296745199516,0.06728142076502733
2019-05-29,havells india limited,HAVELLS,Dolat Capital,Consumer Goods,5.93490746649649,0.06728142076502733
2019-01-25,havells india limited,HAVELLS,Karvy,Consumer Goods,12.13119349639077,0.03677918424753865
2019-01-23,havells india limited,HAVELLS,ICICI Securities Limited,Consumer Goods,15.348568956816386,0.010270037345590314
2019-01-23,havells india limited,HAVELLS,Geojit BNP Paribas,Consumer Goods,-10.31648763607526,0.010270037345590314
2019-01-22,havells india limited,HAVELLS,HDFC Securities,Consumer Goods,3.3758229443899737,-0.027808599167822405
2019-01-22,havells india limited,HAVELLS,Motilal Oswal,Consumer Goods,14.862025493766637,-0.027808599167822405
2019-01-22,havells india limited,HAVELLS,Emkay,Consumer Goods,,-0.027808599167822405
2018-10-23,havells india limited,HAVELLS,Karvy,Consumer Goods,8.151735270379339,0.05935386927122456
2018-10-22,havells india limited,HAVELLS,Geojit BNP Paribas,Consumer Goods,-6.078745468341617,0.06810344827586207
2018-10-19,havells india limited,HAVELLS,HDFC Securities,Consumer Goods,,-0.003553719008264425
2018-10-19,havells india limited,HAVELLS,Dolat Capital,Consumer Goods,13.759933082392303,-0.003553719008264425
2018-10-19,havells india limited,HAVELLS,ICICI Securities Limited,Consumer Goods,8.741112505227939,-0.003553719008264425
2018-10-19,havells india limited,HAVELLS,Chola Wealth Direct,Consumer Goods,7.7373483897950655,-0.003553719008264425
2018-10-18,havells india limited,HAVELLS,HDFC Securities,Consumer Goods,18.664383561643834,-0.003553719008264425
2018-10-17,havells india limited,HAVELLS,Motilal Oswal,Consumer Goods,19.863013698630137,0.08963636363636356
2018-10-15,havells india limited,HAVELLS,Bonanza,Consumer Goods,20.6222444056235,-0.010001653165812457
2018-07-23,havells india limited,HAVELLS,Reliance Securities,Consumer Goods,6.5224516551950105,0.0205479452054793
2018-07-23,havells india limited,HAVELLS,Edelweiss,Consumer Goods,6.8502130449033025,0.0205479452054793
2018-07-23,havells india limited,HAVELLS,ICICI Securities Limited,Consumer Goods,13.077679449360858,0.0205479452054793
2018-07-23,havells india limited,HAVELLS,Kotak Securities,Consumer Goods,-18.83775667559451,0.0205479452054793
2018-07-23,havells india limited,HAVELLS,Karvy,Consumer Goods,9.800065552277934,0.0205479452054793
2018-07-23,havells india limited,HAVELLS,Geojit BNP Paribas,Consumer Goods,3.7364798426745254,0.0205479452054793
2018-07-21,havells india limited,HAVELLS,HDFC Securities,Consumer Goods,19.96118902707947,0.0871380120010434
2018-07-20,havells india limited,HAVELLS,Dolat Capital,Consumer Goods,10.127826941986227,0.0871380120010434
2018-07-20,havells india limited,HAVELLS,JM Financial,Consumer Goods,7.13416118821525,0.0871380120010434
2018-07-16,havells india limited,HAVELLS,Edelweiss,Consumer Goods,9.520846297448653,0.083570159857904
2018-06-27,havells india limited,HAVELLS,JM Financial,Consumer Goods,19.62823226281402,0.030654205607476594
2018-05-28,havells india limited,HAVELLS,Edelweiss,Consumer Goods,15.350488021295474,-0.053949224259520485
2018-05-15,havells india limited,HAVELLS,Karvy,Consumer Goods,17.108874656907595,0.013099630996310004
2018-05-14,havells india limited,HAVELLS,HDFC Securities,Consumer Goods,,-0.03471135254580593
2018-05-14,havells india limited,HAVELLS,ICICI Securities Limited,Consumer Goods,9.6875288044981,-0.03471135254580593
2018-05-14,havells india limited,HAVELLS,Dolat Capital,Consumer Goods,16.83096020445419,-0.03471135254580593
2018-05-12,havells india limited,HAVELLS,HDFC Securities,Consumer Goods,19.708029197080293,-0.05182567726737342
2018-01-29,havells india limited,HAVELLS,ICICI Securities Limited,Consumer Goods,12.369337979094077,-0.1326149300425828
2018-01-23,havells india limited,HAVELLS,HDFC Securities,Consumer Goods,,-0.10694135749700796
2018-01-22,havells india limited,HAVELLS,HDFC Securities,Consumer Goods,18.083854025174322,-0.021504424778761022
2018-01-22,havells india limited,HAVELLS,Motilal Oswal,Consumer Goods,15.910531558453322,-0.021504424778761022
2017-12-13,havells india limited,HAVELLS,Motilal Oswal,Consumer Goods,15.83372255955161,0.04022346368715088
2017-12-05,havells india limited,HAVELLS,Motilal Oswal,Consumer Goods,16.451199052600423,0.07719609582963616
2017-11-13,havells india limited,HAVELLS,HDFC Securities,Consumer Goods,12.51840942562592,-0.0130447386220892
2017-10-30,havells india limited,HAVELLS,Axis Direct,Consumer Goods,-22.61480500967315,0.01359302089673371
2017-10-27,havells india limited,HAVELLS,Geojit BNP Paribas,Consumer Goods,14.94252873563218,0.011579055231068827
2017-10-25,havells india limited,HAVELLS,Karvy,Consumer Goods,10.515130047566034,-0.0065656565656565654
2017-10-24,havells india limited,HAVELLS,HDFC Securities,Consumer Goods,10.50599069214774,-0.04576771653543307
2017-10-24,havells india limited,HAVELLS,ICICI Securities Limited,Consumer Goods,8.921675413407272,-0.04576771653543307
2017-10-23,havells india limited,HAVELLS,Motilal Oswal,Consumer Goods,5.23400720022155,-0.0880983423356304
2017-07-21,havells india limited,HAVELLS,Karvy,Consumer Goods,18.19460980625609,0.025621783876500957
2017-07-21,havells india limited,HAVELLS,Geojit BNP Paribas,Consumer Goods,9.26573426573426,0.025621783876500957
2017-07-20,havells india limited,HAVELLS,HDFC Securities,Consumer Goods,,-0.007205850720584999
2017-07-20,havells india limited,HAVELLS,HDFC Securities,Consumer Goods,15.954570037858302,-0.007205850720584999
2017-07-20,havells india limited,HAVELLS,ICICI Securities Limited,Consumer Goods,16.819902650081126,-0.007205850720584999
2017-05-25,havells india limited,HAVELLS,HDFC Securities,Consumer Goods,,0.055253426147487565
2017-05-17,havells india limited,HAVELLS,Axis Direct,Consumer Goods,,-0.13025458851391356
2017-05-15,havells india limited,HAVELLS,Karvy,Consumer Goods,6.360183110937951,-0.07543689320388354
2017-05-12,havells india limited,HAVELLS,HDFC Securities,Consumer Goods,1.493119937542691,-0.056801631226332756
2017-05-12,havells india limited,HAVELLS,ICICI Securities Limited,Consumer Goods,11.252073777691027,-0.056801631226332756
2017-05-11,havells india limited,HAVELLS,Chola Wealth Direct,Consumer Goods,-7.967701138243028,-0.026566022938927576
2017-02-21,havells india limited,HAVELLS,HDFC Securities,Consumer Goods,11.600237953599049,-0.0218116805721096
2017-02-21,havells india limited,HAVELLS,Karvy,Consumer Goods,,-0.0218116805721096
2017-02-20,havells india limited,HAVELLS,ICICI Securities Limited,Consumer Goods,-2.544928235436018,-0.014320388349514507
2017-01-27,havells india limited,HAVELLS,Axis Direct,Consumer Goods,-15.074309978768575,-0.0066037735849056875
2017-01-20,havells india limited,HAVELLS,Karvy,Consumer Goods,15.225271879855,0.045849900596421585
2017-01-19,havells india limited,HAVELLS,Chola Wealth Direct,Consumer Goods,13.671672708441227,0.09431524547803617
2017-01-18,havells india limited,HAVELLS,HDFC Securities,Consumer Goods,15.516785619878402,0.11539473684210533
2017-01-18,havells india limited,HAVELLS,HDFC Securities,Consumer Goods,,0.11539473684210533
2017-01-18,havells india limited,HAVELLS,ICICI Securities Limited,Consumer Goods,6.793550092519161,0.11539473684210533
2017-01-18,havells india limited,HAVELLS,Edelweiss,Consumer Goods,,0.11539473684210533
2016-10-19,havells india limited,HAVELLS,ICICI Securities Limited,Consumer Goods,1.327487516745826,-0.013503649635036525
2016-07-25,havells india limited,HAVELLS,ICICI Securities Limited,Consumer Goods,9.114754098360656,0.053715775749674115
2016-07-25,havells india limited,HAVELLS,Chola Wealth Direct,Consumer Goods,11.475409836065573,0.053715775749674115
2016-07-24,havells india limited,HAVELLS,Motilal Oswal,Consumer Goods,15.553194315314123,0.053715775749674115
2016-07-20,havells india limited,HAVELLS,Motilal Oswal,Consumer Goods,16.120218579234972,0.024897959183673407
2016-05-17,havells india limited,HAVELLS,Chola Wealth Direct,Consumer Goods,8.241082410824102,0.003007107709130579
2016-05-12,havells india limited,HAVELLS,ICICI Securities Limited,Consumer Goods,10.153396639883127,0.030346820809248554
2016-03-23,havells india limited,HAVELLS,Phillip Capital,Consumer Goods,-11.198815984213125,0.03042763157894737
2016-01-28,havells india limited,HAVELLS,ICICI Securities Limited,Consumer Goods,6.617024877305809,0.003873358033007862
2016-01-28,havells india limited,HAVELLS,Phillip Capital,Consumer Goods,-8.613978676595021,0.003873358033007862
2016-01-28,havells india limited,HAVELLS,Chola Wealth Direct,Consumer Goods,10.43566362715298,0.003873358033007862
2015-12-15,havells india limited,HAVELLS,Phillip Capital,Consumer Goods,-3.391232423490488,-0.0027887139107612294
2015-11-16,havells india limited,HAVELLS,Chola Wealth Direct,Consumer Goods,8.328479906814206,0.1376058506543495
2015-11-13,havells india limited,HAVELLS,Phillip Capital,Consumer Goods,16.038288728267243,0.14972634870992968
2015-07-28,havells india limited,HAVELLS,Chola Wealth Direct,Consumer Goods,7.382550335570478,-0.012318840579710062
2015-05-20,havells india limited,HAVELLS,Phillip Capital,Consumer Goods,-9.158324063774561,0.0037043897017966293
2015-05-12,havells india limited,HAVELLS,Chola Wealth Direct,Consumer Goods,4.653204565408252,-0.05098107918710566
2015-02-03,havells india limited,HAVELLS,Chola Wealth Direct,Consumer Goods,18.500604594921406,0.0038167938931297253
2014-10-28,havells india limited,HAVELLS,Chola Wealth Direct,Consumer Goods,7.591377694470477,0.0783839136101285
2014-08-01,havells india limited,HAVELLS,Chola Wealth Direct,Consumer Goods,,0.023220551921327444
2014-06-03,havells india limited,HAVELLS,Chola Wealth Direct,Consumer Goods,,0.05666120346523067
2014-02-04,havells india limited,HAVELLS,Chola Wealth Direct,Consumer Goods,,0.015621961496078165
2013-11-06,havells india limited,HAVELLS,Chola Wealth Direct,Consumer Goods,,-0.013331555792560944
2013-08-05,havells india limited,HAVELLS,Chola Wealth Direct,Consumer Goods,,0.05503300330033017
2013-06-03,havells india limited,HAVELLS,Chola Wealth Direct,Consumer Goods,,-0.026490514905149053
2019-06-07,nandan denim limited,NDL,Karvy,Telecommunications,-2.2646007151370746,-0.0761654629021668
2019-02-15,nandan denim limited,NDL,Karvy,Telecommunications,-7.084785133565616,-0.038732394366196986
2018-11-13,nandan denim limited,NDL,Karvy,Telecommunications,-3.774981495188745,-0.019565217391304474
2018-08-21,nandan denim limited,NDL,Karvy,Telecommunications,2.735156771180783,-0.015384615384615144
2018-06-05,nandan denim limited,NDL,Karvy,Telecommunications,-1.0025062656641568,0.1479999999999996
2017-06-05,nandan denim limited,NDL,Ventura,Telecommunications,31.037064769749144,-0.028299750962191655
2017-01-10,nandan denim limited,NDL,GEPL Capital,Telecommunications,16.861435726210352,0.00582278481012671
2024-09-14,honeywell automation india limited,HONAUT,Consensus Share Price Target,Technology,,
2023-08-14,honeywell automation india limited,HONAUT,ICICI Securities Limited,Technology,-2.672138622891017,-0.022785933019005562
2023-05-18,honeywell automation india limited,HONAUT,ICICI Securities Limited,Technology,-8.57233815799128,-0.006922878168275789
2023-02-09,honeywell automation india limited,HONAUT,ICICI Securities Limited,Technology,-8.191228007978122,-0.025640356860141857
2022-11-09,honeywell automation india limited,HONAUT,ICICI Securities Limited,Technology,-10.922834768076797,0.03434516138196796
2022-08-17,honeywell automation india limited,HONAUT,ICICI Securities Limited,Technology,-26.565788343742312,-0.005656764744055803
2020-12-29,honeywell automation india limited,HONAUT,Sharekhan,Technology,19.804741414854202,0.007890086838201249
2024-09-14,vardhman special steels limited,VSSL,Consensus Share Price Target,Manufacturing,,
2023-10-19,vardhman special steels limited,VSSL,ICICI Direct,Manufacturing,17.860380779691752,-0.04555605180884331
2023-03-17,vardhman special steels limited,VSSL,ICICI Direct,Manufacturing,16.26316509369443,0.05501494971459638
2023-02-03,vardhman special steels limited,VSSL,ICICI Direct,Manufacturing,2.5883838383838347,0.07675369613085888
2022-07-27,vardhman special steels limited,VSSL,ICICI Direct,Manufacturing,5.440742302825814,0.02472714870395639
2022-05-03,vardhman special steels limited,VSSL,ICICI Direct,Manufacturing,20.506125728057846,-0.07131693674426247
2022-01-31,vardhman special steels limited,VSSL,ICICI Securities Limited,Manufacturing,16.144018583042968,-0.014005386687187328
2021-10-25,vardhman special steels limited,VSSL,ICICI Securities Limited,Manufacturing,29.770992366412212,0.02706766917293229
2021-10-13,vardhman special steels limited,VSSL,Ventura,Manufacturing,90.89686959861723,0.04412955465587035
2021-07-02,vardhman special steels limited,VSSL,ICICI Securities Limited,Manufacturing,22.274302017525986,0.0532902704884941
2021-05-16,vardhman special steels limited,VSSL,ICICI Securities Limited,Manufacturing,24.578250713729556,-0.010238568588469197
2021-01-29,vardhman special steels limited,VSSL,ICICI Securities Limited,Manufacturing,18.744698897370647,0.024936386768447817
2020-11-25,vardhman special steels limited,VSSL,ICICI Securities Limited,Manufacturing,16.182572614107876,0.1020833333333333
2020-06-24,vardhman special steels limited,VSSL,ICICI Securities Limited,Manufacturing,4.838709677419355,-0.04396284829721357
2019-04-18,vardhman special steels limited,VSSL,ICICI Securities Limited,Manufacturing,35.41666666666667,0.002525743151350351
2020-08-31,orient paper & industries limited,ORIENTPPR,IDBI Capital,Manufacturing,1.1235955056179736,-0.035714285714285636
2019-01-21,orient paper & industries limited,ORIENTPPR,Joindre Capital Services,Manufacturing,43.19809069212411,-0.1774580335731416
2018-11-02,orient paper & industries limited,ORIENTPPR,Edelweiss,Manufacturing,,-0.08121330724070447
2018-09-06,orient paper & industries limited,ORIENTPPR,Edelweiss,Manufacturing,17.02127659574468,-0.01271186440677969
2024-09-14,jtekt india limited,JTEKTINDIA,Consensus Share Price Target,Manufacturing,,
2024-03-04,religare enterprises limited,RELIGARE,Ventura,Finance,127.30185857722707,-0.05844434894714222
2024-08-26,premier limited,PREMIER,HDFC Securities,Manufacturing,,
2024-09-14,poly medicure limited,POLYMED,Consensus Share Price Target,Healthcare,,
2024-07-25,poly medicure limited,POLYMED,ICICI Securities Limited,Healthcare,-4.1075577084671995,-0.028397716319418724
2023-08-09,poly medicure limited,POLYMED,ICICI Securities Limited,Healthcare,1.6888250089831118,-0.06224770175379083
2023-01-30,poly medicure limited,POLYMED,ICICI Securities Limited,Healthcare,13.718515118480687,-0.020529411764705935
2022-11-08,poly medicure limited,POLYMED,ICICI Securities Limited,Healthcare,1.8287614297589385,-0.05058252427184468
2019-05-27,premier explosives limited,PREMEXPLN,Karvy,Energy,-0.7870259957071336,0.05607476635514024
2018-10-31,premier explosives limited,PREMEXPLN,Karvy,Energy,-4.78752017213556,0.0020997375328084007
2018-08-14,premier explosives limited,PREMEXPLN,Karvy,Energy,6.726457399103139,-0.031229526097401136
2018-05-29,premier explosives limited,PREMEXPLN,Karvy,Energy,14.566804189146296,-0.14229559748427675
2018-03-06,premier explosives limited,PREMEXPLN,Karvy,Energy,16.68399168399168,-0.043603133159268996
2017-05-29,premier explosives limited,PREMEXPLN,Rudra Shares and Stock Brokers Ltd,Energy,37.40793668242277,0.08021686213764102
2024-09-14,pennar industries limited,PENIND,Consensus Share Price Target,Technology,,
2016-08-17,pennar industries limited,PENIND,Phillip Capital,Technology,29.31034482758621,-0.05477980665950585
2016-05-24,pennar industries limited,PENIND,Phillip Capital,Technology,27.27272727272727,0.01612903225806458
2015-11-13,pennar industries limited,PENIND,Phillip Capital,Technology,44.47884416924664,0.0934873949579831
2015-08-17,pennar industries limited,PENIND,Phillip Capital,Technology,20.689655172413794,-0.12745936698032512
2024-09-14,jindal steel & power limited,JINDALSTEL,Consensus Share Price Target,Manufacturing,,
2024-07-25,jindal steel & power limited,JINDALSTEL,IDBI Capital,Manufacturing,1.514182128385588,0.030933277027026976
2024-07-25,jindal steel & power limited,JINDALSTEL,Prabhudas Lilladhar,Manufacturing,4.286628278950741,0.030933277027026976
2024-07-25,jindal steel & power limited,JINDALSTEL,ICICI Securities Limited,Manufacturing,32.22435487310728,0.030933277027026976
2024-07-24,jindal steel & power limited,JINDALSTEL,Motilal Oswal,Manufacturing,23.399660650933203,0.038829787234042554
2024-05-14,jindal steel & power limited,JINDALSTEL,ICICI Securities Limited,Manufacturing,26.73105421840666,0.09189463019250257
2024-05-14,jindal steel & power limited,JINDALSTEL,IDBI Capital,Manufacturing,-11.799274362512142,0.09189463019250257
2024-05-13,jindal steel & power limited,JINDALSTEL,Motilal Oswal,Manufacturing,16.02533397200489,0.1377860564129857
2024-02-03,jindal steel & power limited,JINDALSTEL,BOB Capital Markets Ltd.,Manufacturing,3.7371134020618557,-0.026154239672592318
2024-02-01,jindal steel & power limited,JINDALSTEL,IDBI Capital,Manufacturing,-0.06061014209711704,0.04009370816599738
2023-11-01,jindal steel & power limited,JINDALSTEL,ICICI Securities Limited,Manufacturing,35.88582172463893,0.0675721561969439
2023-10-31,jindal steel & power limited,JINDALSTEL,Prabhudas Lilladhar,Manufacturing,18.491637740612187,0.03166939443535192
2023-08-13,jindal steel & power limited,JINDALSTEL,ICICI Securities Limited,Manufacturing,16.0126038384417,-0.0006040015100037407
2023-06-22,jindal steel & power limited,JINDALSTEL,Motilal Oswal,Manufacturing,23.26656394453004,0.005276816608996461
2023-05-17,jindal steel & power limited,JINDALSTEL,ICICI Securities Limited,Manufacturing,33.83297644539615,-0.04197183098591554
2023-05-16,jindal steel & power limited,JINDALSTEL,Motilal Oswal,Manufacturing,15.98857958601,-0.04954379562043792
2023-02-01,jindal steel & power limited,JINDALSTEL,Motilal Oswal,Manufacturing,15.08425811755035,-0.022734761120263517
2023-02-01,jindal steel & power limited,JINDALSTEL,ICICI Securities Limited,Manufacturing,28.52369120041129,-0.022734761120263517
2023-01-03,jindal steel & power limited,JINDALSTEL,ICICI Securities Limited,Manufacturing,26.124611115782397,0.001839772537213619
2022-11-11,jindal steel & power limited,JINDALSTEL,ICICI Securities Limited,Manufacturing,10.242533573862502,0.03137450199203187
2022-07-18,jindal steel & power limited,JINDALSTEL,BOB Capital Markets Ltd.,Manufacturing,30.867709815078236,0.052459482513505795
2022-07-16,jindal steel & power limited,JINDALSTEL,Motilal Oswal,Manufacturing,20.910384068278805,0.03194384758630562
2022-06-01,jindal steel & power limited,JINDALSTEL,Motilal Oswal,Manufacturing,16.959064327485386,-0.017112017901803344
2022-05-31,jindal steel & power limited,JINDALSTEL,ICICI Securities Limited,Manufacturing,-9.549037343326008,-0.051175477334718764
2022-02-10,jindal steel & power limited,JINDALSTEL,Prabhudas Lilladhar,Manufacturing,27.1769019248396,-0.04713843330657188
2022-02-10,jindal steel & power limited,JINDALSTEL,Motilal Oswal,Manufacturing,20.88909049671128,-0.04713843330657188
2022-01-14,jindal steel & power limited,JINDALSTEL,Edelweiss,Manufacturing,10.832437597038105,-0.03535714285714291
2022-01-05,jindal steel & power limited,JINDALSTEL,ICICI Securities Limited,Manufacturing,11.540443070582178,-0.03366336633663372
2021-12-09,jindal steel & power limited,JINDALSTEL,Prabhudas Lilladhar,Manufacturing,40.34644076368694,0.018303686517143654
2021-12-06,jindal steel & power limited,JINDALSTEL,Motilal Oswal,Manufacturing,29.90895502106265,0.10080645161290322
2021-11-03,jindal steel & power limited,JINDALSTEL,Prabhudas Lilladhar,Manufacturing,26.00094206311822,-0.05459465819508175
2021-11-03,jindal steel & power limited,JINDALSTEL,IDBI Capital,Manufacturing,27.795527156549515,-0.05459465819508175
2021-08-11,jindal steel & power limited,JINDALSTEL,Prabhudas Lilladhar,Manufacturing,17.85503830288745,-0.03546099290780142
2021-08-11,jindal steel & power limited,JINDALSTEL,IDBI Capital,Manufacturing,27.684822594042952,-0.03546099290780142
2021-05-14,jindal steel & power limited,JINDALSTEL,Motilal Oswal,Manufacturing,31.79966450994488,-0.04239904988123521
2021-05-14,jindal steel & power limited,JINDALSTEL,IDBI Capital,Manufacturing,51.85139010098491,-0.04239904988123521
2021-05-14,jindal steel & power limited,JINDALSTEL,Motilal Oswal,Manufacturing,31.79966450994488,-0.04239904988123521
2021-04-29,jindal steel & power limited,JINDALSTEL,Prabhudas Lilladhar,Manufacturing,13.250283125707815,0.025704067948144838
2021-01-27,jindal steel & power limited,JINDALSTEL,Edelweiss,Manufacturing,-26.484102187097964,0.08555133079847908
2021-01-22,jindal steel & power limited,JINDALSTEL,Prabhudas Lilladhar,Manufacturing,43.03593777936708,-0.033101045296167246
2020-11-04,jindal steel & power limited,JINDALSTEL,Motilal Oswal,Manufacturing,23.31679659815733,0.043323018328969266
2020-11-03,jindal steel & power limited,JINDALSTEL,IDBI Capital,Manufacturing,42.38095238095238,0.05709342560553624
2020-07-23,jindal steel & power limited,JINDALSTEL,Prabhudas Lilladhar,Manufacturing,16.689280868385346,0.06942003514938502
2020-07-23,jindal steel & power limited,JINDALSTEL,Motilal Oswal,Manufacturing,34.724292101341284,0.06942003514938502
2020-05-26,jindal steel & power limited,JINDALSTEL,Prabhudas Lilladhar,Manufacturing,30.3780964797914,0.18460833715071007
2020-05-05,jindal steel & power limited,JINDALSTEL,Motilal Oswal,Manufacturing,67.59776536312849,0.031609195402298854
2020-02-04,jindal steel & power limited,JINDALSTEL,AUM Capital,Manufacturing,19.047619047619055,0.07033805888767723
2020-01-20,jindal steel & power limited,JINDALSTEL,Prabhudas Lilladhar,Manufacturing,14.42924923248674,0.009604519774011236
2020-01-20,jindal steel & power limited,JINDALSTEL,Motilal Oswal,Manufacturing,13.024757804090411,0.009604519774011236
2019-12-20,jindal steel & power limited,JINDALSTEL,Motilal Oswal,Manufacturing,16.603295310519638,0.06592356687898085
2019-12-03,jindal steel & power limited,JINDALSTEL,Motilal Oswal,Manufacturing,13.821138211382115,-0.02820777433780526
2019-11-04,jindal steel & power limited,JINDALSTEL,Prabhudas Lilladhar,Manufacturing,23.90670553935861,0.08492263404102204
2019-09-12,jindal steel & power limited,JINDALSTEL,Prabhudas Lilladhar,Manufacturing,16.55011655011655,-0.07340720221606652
2019-08-18,jindal steel & power limited,JINDALSTEL,Prabhudas Lilladhar,Manufacturing,23.314065510597306,-0.03482824427480908
2019-05-24,jindal steel & power limited,JINDALSTEL,Prabhudas Lilladhar,Manufacturing,5.849582172701942,-0.005900621118012352
2019-05-22,jindal steel & power limited,JINDALSTEL,Motilal Oswal,Manufacturing,42.90418175831413,0.05769854132901138
2019-03-19,jindal steel & power limited,JINDALSTEL,Motilal Oswal,Manufacturing,70.17491847020456,-0.010391923990498812
2019-02-02,jindal steel & power limited,JINDALSTEL,Motilal Oswal,Manufacturing,122.48062015503875,0.004247104247104335
2018-11-15,jindal steel & power limited,JINDALSTEL,Angel Broking,Manufacturing,76.99115044247786,-0.07138919514884243
2018-11-14,jindal steel & power limited,JINDALSTEL,Motilal Oswal,Manufacturing,91.94515852613537,-0.023156089193825106
2018-08-14,jindal steel & power limited,JINDALSTEL,Angel Broking,Manufacturing,60.96579476861166,0.03221649484536082
2018-05-10,jindal steel & power limited,JINDALSTEL,HDFC Securities,Manufacturing,,0.03825910931174085
2018-05-09,jindal steel & power limited,JINDALSTEL,Motilal Oswal,Manufacturing,33.20610687022901,-0.01911196911196907
2018-04-19,jindal steel & power limited,JINDALSTEL,AUM Capital,Manufacturing,17.964533538936017,-0.024806201550387617
2018-02-09,jindal steel & power limited,JINDALSTEL,Motilal Oswal,Manufacturing,32.623071271124175,-0.10554561717352415
2017-11-10,jindal steel & power limited,JINDALSTEL,HDFC Securities,Manufacturing,,-0.0015151515151515152
2017-11-09,jindal steel & power limited,JINDALSTEL,Motilal Oswal,Manufacturing,27.20632988435787,-0.006886227544910213
2017-08-09,jindal steel & power limited,JINDALSTEL,HDFC Securities,Manufacturing,,0.03592592592592588
2017-08-01,jindal steel & power limited,JINDALSTEL,Ventura,Manufacturing,,-0.10058027079303672
2017-02-27,jindal steel & power limited,JINDALSTEL,ICICI Securities Limited,Manufacturing,,-0.004347826086956499
2017-02-17,jindal steel & power limited,JINDALSTEL,HDFC Securities,Manufacturing,,0.33440342429106473
2016-09-10,jindal steel & power limited,JINDALSTEL,Motilal Oswal,Manufacturing,3.4685479129923613,-0.010290556900726324
2016-05-04,jindal steel & power limited,JINDALSTEL,Motilal Oswal,Manufacturing,12.781954887218044,-0.03196347031963472
2016-02-15,jindal steel & power limited,JINDALSTEL,Motilal Oswal,Manufacturing,18.764845605700714,-0.11878881987577647
2024-09-14,allcargo gati limited,ACLGATI,Consensus Share Price Target,Healthcare,,
2024-08-07,allcargo gati limited,ACLGATI,Edelweiss,Healthcare,51.5151515151515,
2024-05-21,allcargo gati limited,ACLGATI,Edelweiss,Healthcare,51.27610208816705,-0.058333333333333307
2024-02-07,allcargo gati limited,ACLGATI,Edelweiss,Healthcare,43.556280587275694,-0.04736842105263153
2023-12-27,allcargo gati limited,ACLGATI,Edelweiss,Healthcare,78.67203219315896,0.03241296518607441
2023-11-17,allcargo gati limited,ACLGATI,Edelweiss,Healthcare,64.8718900854066,0.015555555555555513
2023-10-13,allcargo gati limited,ACLGATI,Edelweiss,Healthcare,58.7516960651289,0.034389750505731585
2023-06-09,allcargo gati limited,ACLGATI,Prabhudas Lilladhar,Healthcare,,-0.038619556285949076
2023-05-23,allcargo gati limited,ACLGATI,ICICI Securities Limited,Healthcare,21.542330259849123,-0.035000000000000024
2023-02-10,allcargo gati limited,ACLGATI,ICICI Securities Limited,Healthcare,33.48588863463006,-0.10605490786009775
2022-11-04,allcargo gati limited,ACLGATI,ICICI Securities Limited,Healthcare,25.391849529780576,-0.06278280542986438
2022-10-10,allcargo gati limited,ACLGATI,Hem Securities,Healthcare,27.919911012235808,-0.019944598337950106
2022-06-21,allcargo gati limited,ACLGATI,ICICI Securities Limited,Healthcare,118.84498480243163,0.0036900369003690036
2022-01-10,allcargo gati limited,ACLGATI,Monarch Networth Capital Limited,Healthcare,14.01917595231926,0.05806117159149812
2019-08-07,allcargo gati limited,ACLGATI,ICICI Securities Limited,Healthcare,,0.13031914893617016
2019-05-30,allcargo gati limited,ACLGATI,ICICI Securities Limited,Healthcare,18.012422360248447,-0.10738671632526371
2019-01-28,allcargo gati limited,ACLGATI,ICICI Securities Limited,Healthcare,4.675505931611994,-0.009154929577464868
2018-08-14,allcargo gati limited,ACLGATI,ICICI Securities Limited,Healthcare,15.810674723061432,-0.006407097092163683
2018-06-01,allcargo gati limited,ACLGATI,ICICI Securities Limited,Healthcare,28.06830309498399,-0.040169133192388976
2018-02-09,allcargo gati limited,ACLGATI,ICICI Securities Limited,Healthcare,15.78044596912522,-0.03898305084745758
2017-11-20,allcargo gati limited,ACLGATI,ICICI Securities Limited,Healthcare,10.20263064344116,-0.08712252690038189
2017-05-10,allcargo gati limited,ACLGATI,ICICI Securities Limited,Healthcare,11.982082866741331,0.01911764705882349
2017-02-09,allcargo gati limited,ACLGATI,ICICI Securities Limited,Healthcare,22.649223221586265,-0.02343434343434348
2016-11-09,allcargo gati limited,ACLGATI,ICICI Securities Limited,Healthcare,28.654970760233915,-0.10392523364485985
2016-08-08,allcargo gati limited,ACLGATI,ICICI Securities Limited,Healthcare,19.868145040455502,-0.16676593210244192
2016-04-28,allcargo gati limited,ACLGATI,ICICI Securities Limited,Healthcare,25.470514429109166,-0.03887959866220729
2015-04-30,allcargo gati limited,ACLGATI,Karvy,Healthcare,58.144175604889,0.025457241720217384
2024-09-14,rossari biotech limited,ROSSARI,Consensus Share Price Target,Technology,,
2024-07-24,rossari biotech limited,ROSSARI,KRChoksey,Technology,13.508900268227256,0.008861997310842196
2024-06-13,rossari biotech limited,ROSSARI,Anand Rathi,Technology,25.727898358920058,0.08368421052631582
2024-05-08,rossari biotech limited,ROSSARI,KRChoksey,Technology,16.336976068612536,-0.015298245614035056
2024-05-01,rossari biotech limited,ROSSARI,Edelweiss,Technology,29.43262411347517,-0.03513513513513514
2024-01-25,rossari biotech limited,ROSSARI,KRChoksey,Technology,18.932819029251043,0.0
2024-01-24,rossari biotech limited,ROSSARI,Edelweiss,Technology,18.634296329511248,0.012851662404092013
2023-10-27,rossari biotech limited,ROSSARI,KRChoksey,Technology,10.434269994104929,-0.053381018610504094
2023-10-24,rossari biotech limited,ROSSARI,Edelweiss,Technology,16.331658291457288,-0.07154172739370121
2023-10-24,rossari biotech limited,ROSSARI,ICICI Securities Limited,Technology,-9.547738693467336,-0.07154172739370121
2023-08-01,rossari biotech limited,ROSSARI,KRChoksey,Technology,16.3920824937774,-0.009255983964155197
2023-08-01,rossari biotech limited,ROSSARI,ICICI Securities Limited,Technology,-13.823844050873642,-0.009255983964155197
2023-05-03,rossari biotech limited,ROSSARI,ICICI Securities Limited,Technology,-1.2560807376751584,-0.00187779864220707
2023-05-03,rossari biotech limited,ROSSARI,Edelweiss,Technology,34.46598417193059,-0.00187779864220707
2023-02-10,rossari biotech limited,ROSSARI,KRChoksey,Technology,41.04699152849179,-0.006132756132756133
2023-02-07,rossari biotech limited,ROSSARI,ICICI Securities Limited,Technology,4.834012813046018,0.005985401459854048
2022-11-11,rossari biotech limited,ROSSARI,Edelweiss,Technology,41.338487557381015,-0.02881253767329714
2022-11-09,rossari biotech limited,ROSSARI,ICICI Securities Limited,Technology,4.310293147892818,-0.022302158273381324
2022-08-11,rossari biotech limited,ROSSARI,Edelweiss,Technology,23.935768940618605,-0.0005341880341880342
2022-08-10,rossari biotech limited,ROSSARI,KRChoksey,Technology,33.93239195549851,0.03970427163198247
2022-08-10,rossari biotech limited,ROSSARI,ICICI Securities Limited,Technology,-1.5832263585793704,0.03970427163198247
2022-05-26,rossari biotech limited,ROSSARI,Yes Securities,Technology,53.09869498898369,-0.02021050274325391
2022-05-26,rossari biotech limited,ROSSARI,KRChoksey,Technology,41.46093441048529,-0.02021050274325391
2022-05-25,rossari biotech limited,ROSSARI,Edelweiss,Technology,29.133681432822417,-0.011338248436103765
2022-05-24,rossari biotech limited,ROSSARI,ICICI Securities Limited,Technology,2.390998593530239,-0.029202358438091002
2022-02-16,rossari biotech limited,ROSSARI,Edelweiss,Technology,16.37849135474065,-0.062473478240369654
2021-11-03,rossari biotech limited,ROSSARI,Edelweiss,Technology,12.87517116316939,0.013686131386861315
2021-06-03,rossari biotech limited,ROSSARI,Edelweiss,Technology,13.977393564648896,-0.028682774746687414
2020-11-16,rossari biotech limited,ROSSARI,Edelweiss,Technology,17.29903536977492,-0.01623456790123454
2020-09-21,rossari biotech limited,ROSSARI,Geojit BNP Paribas,Technology,-100.0,0.004214559386973122
2020-07-13,rossari biotech limited,ROSSARI,Way2Wealth,Technology,,-0.09310344827586213
2020-07-13,rossari biotech limited,ROSSARI,Ashika Research,Technology,,-0.09310344827586213
2020-07-11,rossari biotech limited,ROSSARI,HDFC Securities,Technology,,-0.09310344827586213
2024-09-14,dhanuka agritech limited,DHANUKA,Consensus Share Price Target,Technology,,
2024-08-05,dhanuka agritech limited,DHANUKA,Axis Direct,Technology,0.0028361553078620795,
2024-02-05,dhanuka agritech limited,DHANUKA,Axis Direct,Technology,-3.2042723631508596,-0.017334158769465254
2023-08-03,dhanuka agritech limited,DHANUKA,Axis Direct,Technology,5.834105040349256,0.011690885072655248
2023-08-02,dhanuka agritech limited,DHANUKA,Prabhudas Lilladhar,Technology,27.40561925836519,0.040568089154661625
2023-05-30,dhanuka agritech limited,DHANUKA,Axis Direct,Technology,11.11111111111111,0.07448866777224983
2023-05-25,dhanuka agritech limited,DHANUKA,Prabhudas Lilladhar,Technology,31.86203067527239,-0.013479883865615928
2023-02-10,dhanuka agritech limited,DHANUKA,Prabhudas Lilladhar,Technology,37.63818727578885,-0.009833916083916084
2022-11-02,dhanuka agritech limited,DHANUKA,Axis Direct,Technology,10.504869120795627,-0.001305662451896709
2022-11-01,dhanuka agritech limited,DHANUKA,Prabhudas Lilladhar,Technology,29.84322121693486,-0.0026534222343175015
2022-08-05,dhanuka agritech limited,DHANUKA,Axis Direct,Technology,15.581882539911874,-0.023366477272727337
2022-08-02,dhanuka agritech limited,DHANUKA,Prabhudas Lilladhar,Technology,21.065375302663433,-0.008296381061364709
2022-06-20,dhanuka agritech limited,DHANUKA,Prabhudas Lilladhar,Technology,26.71133119720361,0.039925925925926
2022-05-26,dhanuka agritech limited,DHANUKA,Emkay,Technology,43.112701252236135,-0.013921113689095096
2022-05-24,dhanuka agritech limited,DHANUKA,Axis Direct,Technology,11.880288091741843,-0.0240033395950741
2022-05-23,dhanuka agritech limited,DHANUKA,Prabhudas Lilladhar,Technology,23.553220194560822,-0.008896049313533076
2022-02-02,dhanuka agritech limited,DHANUKA,Prabhudas Lilladhar,Technology,11.538461538461538,0.008365758754863872
2021-08-02,dhanuka agritech limited,DHANUKA,Axis Direct,Technology,1.325859652905029,-0.021200850159404937
2021-07-31,dhanuka agritech limited,DHANUKA,Prabhudas Lilladhar,Technology,8.655815457583266,-0.02889473684210531
2021-05-31,dhanuka agritech limited,DHANUKA,Axis Direct,Technology,7.71609875753213,-0.02440550688360448
2021-05-24,dhanuka agritech limited,DHANUKA,Axis Direct,Technology,16.634909636815053,0.07757283227029822
2021-03-05,dhanuka agritech limited,DHANUKA,Prabhudas Lilladhar,Technology,33.57375684860253,-0.02334921715452686
2021-02-03,dhanuka agritech limited,DHANUKA,Axis Direct,Technology,19.04761904761904,0.036398981096661724
2021-02-02,dhanuka agritech limited,DHANUKA,Prabhudas Lilladhar,Technology,28.923160173160166,0.05777027027027027
2020-12-01,dhanuka agritech limited,DHANUKA,Axis Direct,Technology,13.081470059110762,-0.048162230671736375
2020-11-02,dhanuka agritech limited,DHANUKA,Axis Direct,Technology,23.016705109387008,-0.006641760066417694
2020-10-30,dhanuka agritech limited,DHANUKA,Prabhudas Lilladhar,Technology,21.339204585168094,-0.014314516129032227
2020-10-21,dhanuka agritech limited,DHANUKA,Axis Direct,Technology,22.01885745978923,-0.013500482160077083
2020-07-22,dhanuka agritech limited,DHANUKA,Prabhudas Lilladhar,Technology,3.910275841163989,-0.0900555555555555
2020-06-11,dhanuka agritech limited,DHANUKA,Dolat Capital,Technology,3.7776812852800727,0.24227707006369423
2020-05-17,dhanuka agritech limited,DHANUKA,Prabhudas Lilladhar,Technology,11.564918314703355,-0.005714858632444287
2020-03-12,dhanuka agritech limited,DHANUKA,Prabhudas Lilladhar,Technology,90.49047547622618,-0.043764988009592394
2020-02-13,dhanuka agritech limited,DHANUKA,Prabhudas Lilladhar,Technology,19.282426974734662,-0.03503035964502569
2019-07-22,dhanuka agritech limited,DHANUKA,Dolat Capital,Technology,38.74967027169611,-0.04105263157894743
2019-04-03,dhanuka agritech limited,DHANUKA,Emkay,Technology,14.358322744599747,-0.010033020066040104
2019-03-11,dhanuka agritech limited,DHANUKA,Prabhudas Lilladhar,Technology,41.4324569356301,-0.03584269662921346
2019-02-13,dhanuka agritech limited,DHANUKA,Emkay,Technology,19.680851063829788,-0.025550122249388726
2018-11-14,dhanuka agritech limited,DHANUKA,HDFC Securities,Technology,73.54368932038835,0.026504629629629604
2018-09-10,dhanuka agritech limited,DHANUKA,HDFC Securities,Technology,33.81454747362577,-0.017949666913397357
2018-08-10,dhanuka agritech limited,DHANUKA,HDFC Securities,Technology,26.262626262626267,-0.002436823104693182
2018-02-15,dhanuka agritech limited,DHANUKA,HDFC Securities,Technology,9.691960931630353,-0.058108108108108174
2018-01-12,dhanuka agritech limited,DHANUKA,Bonanza,Technology,21.53846153846154,0.01033458209533652
2017-11-14,dhanuka agritech limited,DHANUKA,HDFC Securities,Technology,7.715582450832073,-0.003361721201255043
2017-08-17,dhanuka agritech limited,DHANUKA,Axis Direct,Technology,23.481781376518217,-0.05814266487214004
2017-08-10,dhanuka agritech limited,DHANUKA,Emkay,Technology,14.564129575981042,-0.021866666666666635
2017-07-10,dhanuka agritech limited,DHANUKA,Axis Direct,Technology,9.565641776476328,-0.02454062633538845
2017-05-29,dhanuka agritech limited,DHANUKA,Axis Direct,Technology,12.546125461254611,0.09484848484848485
2017-05-19,dhanuka agritech limited,DHANUKA,HDFC Securities,Technology,-6.137184115523466,-0.04091463414634141
2017-02-14,dhanuka agritech limited,DHANUKA,Axis Direct,Technology,12.749918059652574,0.013607222294910496
2017-02-07,dhanuka agritech limited,DHANUKA,HDFC Securities,Technology,10.378247408803341,0.022800000000000032
2016-11-10,dhanuka agritech limited,DHANUKA,HDFC Securities,Technology,13.134657836644598,-0.04901233735589567
2016-08-31,dhanuka agritech limited,DHANUKA,Systematix Group,Technology,8.154280833169059,-0.06801057501652352
2016-08-12,dhanuka agritech limited,DHANUKA,HDFC Securities,Technology,13.822347864901053,0.042657856093979374
2015-12-03,dhanuka agritech limited,DHANUKA,BOB Capital Markets Ltd.,Technology,,-0.01200952479552751
2015-08-17,dhanuka agritech limited,DHANUKA,BOB Capital Markets Ltd.,Technology,2.749073893546505,-0.13910400941084206
2015-06-01,dhanuka agritech limited,DHANUKA,BOB Capital Markets Ltd.,Technology,17.32626986600188,-0.06644337124162639
2024-09-14,ltimindtree limited,LTIM,Consensus Share Price Target,Finance,,
2024-07-31,ltimindtree limited,LTIM,Geojit BNP Paribas,Finance,7.756068679692133,
2024-07-18,ltimindtree limited,LTIM,ICICI Direct,Finance,-1.120929103706174,-0.03167272098252904
2024-07-18,ltimindtree limited,LTIM,Motilal Oswal,Finance,21.59321857249562,-0.03167272098252904
2024-07-18,ltimindtree limited,LTIM,Prabhudas Lilladhar,Finance,4.91757716826765,-0.03167272098252904
2024-07-18,ltimindtree limited,LTIM,Axis Direct,Finance,5.980385987936746,-0.03167272098252904
2024-07-18,ltimindtree limited,LTIM,BOB Capital Markets Ltd.,Finance,,-0.03167272098252904
2024-07-18,ltimindtree limited,LTIM,IDBI Capital,Finance,-4.896732616512353,-0.03167272098252904
2024-04-25,ltimindtree limited,LTIM,Axis Direct,Finance,8.313375191490284,0.002467406529468768
2024-04-25,ltimindtree limited,LTIM,SMC online,Finance,,0.002467406529468768
2024-04-25,ltimindtree limited,LTIM,Prabhudas Lilladhar,Finance,8.205493343689994,0.002467406529468768
2024-04-25,ltimindtree limited,LTIM,Emkay,Finance,7.881847800289128,0.002467406529468768
2024-04-25,ltimindtree limited,LTIM,IDBI Capital,Finance,7.881847800289128,0.002467406529468768
2024-04-24,ltimindtree limited,LTIM,Sharekhan,Finance,10.011001100110006,0.007027972403137373
2024-01-18,ltimindtree limited,LTIM,Motilal Oswal,Finance,17.794038907728,-0.042300931622429185
2024-01-18,ltimindtree limited,LTIM,SMC online,Finance,,-0.042300931622429185
2024-01-18,ltimindtree limited,LTIM,Axis Direct,Finance,14.22452257719079,-0.042300931622429185
2024-01-17,ltimindtree limited,LTIM,Sharekhan,Finance,6.125310727261132,-0.036026315789473747
2023-10-20,ltimindtree limited,LTIM,ICICI Securities Limited,Finance,-3.5142365055516906,-0.040281117070464244
2023-10-19,ltimindtree limited,LTIM,SMC online,Finance,,-0.04944149423182567
2023-10-19,ltimindtree limited,LTIM,Axis Direct,Finance,-4.17384294037891,-0.04944149423182567
2023-10-19,ltimindtree limited,LTIM,IDBI Capital,Finance,-10.037011249954197,-0.04944149423182567
2023-07-24,ltimindtree limited,LTIM,SMC online,Finance,,0.0003374233128833612
2023-07-20,ltimindtree limited,LTIM,Geojit BNP Paribas,Finance,13.639782951023557,-0.006649642492339159
2023-07-19,ltimindtree limited,LTIM,ICICI Securities Limited,Finance,6.475510632554521,-0.028861138861138825
2023-07-18,ltimindtree limited,LTIM,IDBI Capital,Finance,-0.5228797376603309,-0.032077534791252554
2023-07-18,ltimindtree limited,LTIM,Axis Direct,Finance,4.575947532067632,-0.032077534791252554
2023-07-17,ltimindtree limited,LTIM,Motilal Oswal,Finance,-8.468601809205728,-0.03385148514851481
2023-05-16,ltimindtree limited,LTIM,Geojit BNP Paribas,Finance,7.938049640523216,0.02399873524451947
2023-04-28,ltimindtree limited,LTIM,Sharekhan,Finance,15.398974985575133,0.01960076281610047
2023-04-28,ltimindtree limited,LTIM,Motilal Oswal,Finance,5.216712486847915,0.01960076281610047
2023-04-28,ltimindtree limited,LTIM,Motilal Oswal,Finance,5.216712486847915,0.01960076281610047
2023-04-28,ltimindtree limited,LTIM,Sharekhan,Finance,15.398974985575133,0.01960076281610047
2023-03-15,ltimindtree limited,LTIM,Sharekhan,Finance,13.550257519684603,0.015229257641921397
2023-03-15,ltimindtree limited,LTIM,ICICI Direct,Finance,15.846090194455934,0.015229257641921397
2023-03-15,ltimindtree limited,LTIM,ICICI Securities Limited,Finance,23.7368484437097,0.015229257641921397
2023-03-15,ltimindtree limited,LTIM,IDBI Capital,Finance,8.87790431809768,0.015229257641921397
2023-03-14,ltimindtree limited,LTIM,Motilal Oswal,Finance,0.5047132112241252,0.02032307356472394
2023-02-25,ltimindtree limited,LTIM,Axis Direct,Finance,10.02256080600797,-0.019402317036358488
2023-01-23,ltimindtree limited,LTIM,IDBI Capital,Finance,14.446593497144548,0.003836783022519836
2023-01-23,ltimindtree limited,LTIM,Axis Direct,Finance,13.302127562173101,0.003836783022519836
2023-01-22,ltimindtree limited,LTIM,ICICI Direct,Finance,15.74372371457691,0.003836783022519836
2022-12-05,ltimindtree limited,LTIM,Motilal Oswal,Finance,2.791996760494644,-0.12523732579276917
2022-10-17,ltimindtree limited,LTIM,IDBI Capital,Finance,3.299331085666267,0.00943757988922032
2022-10-17,ltimindtree limited,LTIM,ICICI Securities Limited,Finance,-0.07604074070107811,0.00943757988922032
2022-10-16,ltimindtree limited,LTIM,ICICI Direct,Finance,17.688407958079484,0.00943757988922032
2022-10-16,ltimindtree limited,LTIM,Motilal Oswal,Finance,1.6835959800510492,0.00943757988922032
2022-07-16,ltimindtree limited,LTIM,ICICI Direct,Finance,12.71716294926469,0.12395209580838328
2022-07-15,ltimindtree limited,LTIM,Prabhudas Lilladhar,Finance,1.5240467295261815,0.12395209580838328
2022-07-15,ltimindtree limited,LTIM,IDBI Capital,Finance,14.075807324099578,0.12395209580838328
2022-07-15,ltimindtree limited,LTIM,Motilal Oswal,Finance,3.659533783698779,0.12395209580838328
2022-05-09,ltimindtree limited,LTIM,Prabhudas Lilladhar,Finance,47.01707004605105,-0.08598214285714281
2022-05-09,ltimindtree limited,LTIM,ICICI Direct,Finance,12.162557036570847,-0.08598214285714281
2022-04-20,ltimindtree limited,LTIM,BOB Capital Markets Ltd.,Finance,57.43767286230973,-0.08246823749023788
2022-04-20,ltimindtree limited,LTIM,Prabhudas Lilladhar,Finance,25.033128183986562,-0.08246823749023788
2022-04-20,ltimindtree limited,LTIM,ICICI Direct,Finance,16.047424714233212,-0.08246823749023788
2022-04-20,ltimindtree limited,LTIM,ICICI Securities Limited,Finance,-8.887406689996077,-0.08246823749023788
2022-04-19,ltimindtree limited,LTIM,Motilal Oswal,Finance,25.718043440419315,-0.11677667766776671
2022-02-21,ltimindtree limited,LTIM,Prabhudas Lilladhar,Finance,33.95941759880021,0.02090750436300178
2022-01-20,ltimindtree limited,LTIM,ICICI Securities Limited,Finance,21.850615686185474,-0.10090494296577944
2021-12-10,ltimindtree limited,LTIM,ICICI Securities Limited,Finance,15.677735438214482,0.047163865546218514
2021-12-09,ltimindtree limited,LTIM,Prabhudas Lilladhar,Finance,1.4637391882900892,0.034727685325264775
2021-12-09,ltimindtree limited,LTIM,Motilal Oswal,Finance,0.405250105848911,0.034727685325264775
2021-10-19,ltimindtree limited,LTIM,ICICI Securities Limited,Finance,0.019472218224296862,-0.0395753746694094
2021-10-19,ltimindtree limited,LTIM,IDBI Capital,Finance,-9.119421165109438,-0.0395753746694094
2021-10-19,ltimindtree limited,LTIM,ICICI Securities Limited,Finance,10.228165097296174,-0.0395753746694094
2021-10-19,ltimindtree limited,LTIM,BOB Capital Markets Ltd.,Finance,14.983105552473654,-0.0395753746694094
2021-10-19,ltimindtree limited,LTIM,Prabhudas Lilladhar,Finance,,-0.0395753746694094
2021-10-18,ltimindtree limited,LTIM,Motilal Oswal,Finance,-6.2019065957710575,-0.0027234636871508663
2021-07-19,ltimindtree limited,LTIM,Prabhudas Lilladhar,Finance,6.090508536809244,-0.011500000000000083
2021-07-17,ltimindtree limited,LTIM,ICICI Securities Limited,Finance,18.103810101198516,0.019087098058502543
2021-07-17,ltimindtree limited,LTIM,Motilal Oswal,Finance,-2.274180290437491,0.019087098058502543
2021-05-06,ltimindtree limited,LTIM,ICICI Securities Limited,Finance,20.13587419832912,-0.0689668555460685
2021-05-06,ltimindtree limited,LTIM,BOB Capital Markets Ltd.,Finance,24.980098710396437,-0.0689668555460685
2021-05-06,ltimindtree limited,LTIM,IDBI Capital,Finance,17.66794101583834,-0.0689668555460685
2021-05-05,ltimindtree limited,LTIM,BOB Capital Markets Ltd.,Finance,24.980098710396437,-0.062227912932138287
2021-01-21,ltimindtree limited,LTIM,ICICI Securities Limited,Finance,,-0.0015365239294710098
2021-01-21,ltimindtree limited,LTIM,IDBI Capital,Finance,2.936062397535889,-0.0015365239294710098
2021-01-20,ltimindtree limited,LTIM,Motilal Oswal,Finance,-5.009612122582832,-0.04775779376498803
2021-01-20,ltimindtree limited,LTIM,Prabhudas Lilladhar,Finance,11.058799577549026,-0.04775779376498803
2021-01-05,ltimindtree limited,LTIM,Motilal Oswal,Finance,-1.1852712982385223,0.033313238485652194
2020-12-11,ltimindtree limited,LTIM,ICICI Securities Limited,Finance,17.785630153121314,0.020492550927333562
2020-12-11,ltimindtree limited,LTIM,BOB Capital Markets Ltd.,Finance,18.091566854817735,0.020492550927333562
2020-12-11,ltimindtree limited,LTIM,Prabhudas Lilladhar,Finance,7.1113927572296385,0.020492550927333562
2020-12-11,ltimindtree limited,LTIM,IDBI Capital,Finance,7.138535995160314,0.020492550927333562
2020-12-10,ltimindtree limited,LTIM,Motilal Oswal,Finance,8.607529102228746,0.008311094166984369
2020-11-13,ltimindtree limited,LTIM,BOB Capital Markets Ltd.,Finance,15.484522095928256,0.015654002201087435
2020-10-22,ltimindtree limited,LTIM,ICICI Securities Limited,Finance,16.972477064220186,-0.03270648608269196
2020-10-22,ltimindtree limited,LTIM,Axis Direct,Finance,,-0.03270648608269196
2020-10-22,ltimindtree limited,LTIM,Dolat Capital,Finance,6.487549148099607,-0.03270648608269196
2020-10-22,ltimindtree limited,LTIM,Prabhudas Lilladhar,Finance,13.192754357022684,-0.03270648608269196
2020-10-22,ltimindtree limited,LTIM,IDBI Capital,Finance,,-0.03270648608269196
2020-10-21,ltimindtree limited,LTIM,BOB Capital Markets Ltd.,Finance,17.276187053884975,-0.06180298891210033
2020-07-17,ltimindtree limited,LTIM,BOB Capital Markets Ltd.,Finance,24.016535538071754,0.03381818181818186
2020-07-17,ltimindtree limited,LTIM,Prabhudas Lilladhar,Finance,7.0315435796547305,0.03381818181818186
2020-07-16,ltimindtree limited,LTIM,BOB Capital Markets Ltd.,Finance,23.233215547703182,-0.019952339688041672
2020-07-03,ltimindtree limited,LTIM,ICICI Securities Limited,Finance,,0.07287307354968053
2020-05-21,ltimindtree limited,LTIM,ICICI Securities Limited,Finance,14.85237268194296,0.007787332978514728
2020-05-21,ltimindtree limited,LTIM,IDBI Capital,Finance,-0.946831755280413,0.007787332978514728
2020-05-21,ltimindtree limited,LTIM,BOB Capital Markets Ltd.,Finance,18.098116586908453,0.007787332978514728
2020-05-20,ltimindtree limited,LTIM,Motilal Oswal,Finance,15.412628158440242,0.016695484565889082
2020-05-11,ltimindtree limited,LTIM,Axis Direct,Finance,8.041134927518272,0.01960966542750935
2020-01-21,ltimindtree limited,LTIM,Axis Direct,Finance,12.115258677144729,0.01728459530026105
2020-01-20,ltimindtree limited,LTIM,Axis Direct,Finance,12.875151643019143,0.026910911966262496
2020-01-16,ltimindtree limited,LTIM,IDBI Capital,Finance,11.748001682793442,0.01593175853018368
2020-01-16,ltimindtree limited,LTIM,ICICI Securities Limited,Finance,13.018109180750132,0.01593175853018368
2020-01-15,ltimindtree limited,LTIM,HDFC Securities,Finance,9.907446360959197,-0.010719794344472962
2020-01-15,ltimindtree limited,LTIM,Motilal Oswal,Finance,,-0.010719794344472962
2019-12-16,ltimindtree limited,LTIM,Axis Direct,Finance,9.76948408342481,0.06562500000000006
2019-12-12,ltimindtree limited,LTIM,ICICI Securities Limited,Finance,14.62366246989604,0.02301344743276289
2019-12-12,ltimindtree limited,LTIM,Prabhudas Lilladhar,Finance,11.270310642319293,0.02301344743276289
2019-12-12,ltimindtree limited,LTIM,BOB Capital Markets Ltd.,Finance,22.549766789622893,0.02301344743276289
2019-12-11,ltimindtree limited,LTIM,Motilal Oswal,Finance,24.48260003066074,-0.00960903249054111
2019-12-04,ltimindtree limited,LTIM,Motilal Oswal,Finance,23.513127072495514,-0.021843207660083783
2019-11-04,ltimindtree limited,LTIM,Axis Direct,Finance,8.47947929849937,-0.019024683925346123
2019-10-19,ltimindtree limited,LTIM,HDFC Securities,Finance,14.553582515832616,0.05786046511627904
2019-07-22,ltimindtree limited,LTIM,IDBI Capital,Finance,26.462433218367483,0.03707230800625808
2019-07-20,ltimindtree limited,LTIM,HDFC Securities,Finance,39.51187335092348,-0.0016333877795926834
2019-07-20,ltimindtree limited,LTIM,BOB Capital Markets Ltd.,Finance,32.58575197889182,-0.0016333877795926834
2019-07-19,ltimindtree limited,LTIM,ICICI Securities Limited,Finance,12.796833773087071,-0.0016333877795926834
2019-07-19,ltimindtree limited,LTIM,Motilal Oswal,Finance,12.137203166226913,-0.0016333877795926834
2019-05-27,ltimindtree limited,LTIM,Axis Direct,Finance,12.648392594090293,0.027907110421336985
2019-05-05,ltimindtree limited,LTIM,Prabhudas Lilladhar,Finance,18.05721096543504,0.0031379219331944684
2019-05-03,ltimindtree limited,LTIM,HDFC Securities,Finance,24.851013110846246,0.021298998225083538
2019-05-03,ltimindtree limited,LTIM,ICICI Securities Limited,Finance,15.613825983313468,0.021298998225083538
2019-05-03,ltimindtree limited,LTIM,Motilal Oswal,Finance,13.825983313468415,0.021298998225083538
2019-05-03,ltimindtree limited,LTIM,Emkay,Finance,20.38140643623361,0.021298998225083538
2019-03-19,ltimindtree limited,LTIM,Motilal Oswal,Finance,,0.015805471124620062
2019-03-18,ltimindtree limited,LTIM,Axis Direct,Finance,35.659898477157356,0.05366562430904327
2019-01-19,ltimindtree limited,LTIM,HDFC Securities,Finance,24.582869855394883,-0.05072022160664817
2019-01-18,ltimindtree limited,LTIM,Emkay,Finance,0.5005561735261401,-0.05072022160664817
2018-12-24,ltimindtree limited,LTIM,Axis Direct,Finance,8.433734939759036,0.006727379553466537
2018-12-14,ltimindtree limited,LTIM,ICICI Securities Limited,Finance,,-0.0787607213547394
2018-12-13,ltimindtree limited,LTIM,IDBI Capital,Finance,,-0.02771461057418988
2018-10-29,ltimindtree limited,LTIM,IDBI Capital,Finance,11.907582938388625,0.02173656927426961
2018-10-25,ltimindtree limited,LTIM,HDFC Securities,Finance,33.833302847387365,0.08649878640776697
2018-07-24,ltimindtree limited,LTIM,HDFC Securities,Finance,11.070800658610771,0.04631284916201123
2018-07-24,ltimindtree limited,LTIM,IDBI Capital,Finance,0.9683811012195411,0.04631284916201123
2018-07-24,ltimindtree limited,LTIM,Emkay,Finance,-3.9432924957441515,0.04631284916201123
2018-05-24,ltimindtree limited,LTIM,HDFC Securities,Finance,1.7751479289940828,0.03177049374666596
2018-05-24,ltimindtree limited,LTIM,Motilal Oswal,Finance,0.591715976331361,0.03177049374666596
2018-01-31,ltimindtree limited,LTIM,Axis Direct,Finance,8.171206225680933,-0.0013492675404780262
2018-01-26,ltimindtree limited,LTIM,HDFC Securities,Finance,14.519427402862986,0.008233442305363882
2018-01-25,ltimindtree limited,LTIM,IDBI Capital,Finance,14.192229038854807,0.008233442305363882
2018-01-08,ltimindtree limited,LTIM,IDBI Capital,Finance,-0.3676800286969697,0.011036036036036036
2017-12-21,ltimindtree limited,LTIM,HDFC Securities,Finance,12.440191387559809,0.0737523992322456
2017-12-14,ltimindtree limited,LTIM,HDFC Securities,Finance,13.345873727873428,-0.024440394410953865
2017-12-13,ltimindtree limited,LTIM,Motilal Oswal,Finance,12.792555691324365,-0.04291764705882355
2017-11-07,ltimindtree limited,LTIM,HDFC Securities,Finance,11.260545298936304,0.16140901139996375
2017-11-07,ltimindtree limited,LTIM,Motilal Oswal,Finance,16.151118718669768,0.16140901139996375
2017-07-25,ltimindtree limited,LTIM,HDFC Securities,Finance,15.659519168291098,0.005123216601815883
2017-05-22,ltimindtree limited,LTIM,HDFC Securities,Finance,12.842213246137074,-0.005005775895263737
2016-07-11,ltimindtree limited,LTIM,ICICI Securities Limited,Finance,,-0.028714285714285748
2016-07-09,ltimindtree limited,LTIM,IDBI Capital,Finance,,-0.028714285714285748
2016-07-08,ltimindtree limited,LTIM,Angel Broking,Finance,,-0.028714285714285748
2016-07-08,ltimindtree limited,LTIM,SMC online,Finance,,-0.028714285714285748
2016-07-05,ltimindtree limited,LTIM,HDFC Securities,Finance,,-0.028714285714285748
2018-08-03,reliance infrastructure limited,RELINFRA,HDFC Securities,Manufacturing,,0.015920398009950192
2017-11-15,reliance infrastructure limited,RELINFRA,HDFC Securities,Manufacturing,,0.06999999999999995
2017-05-12,reliance infrastructure limited,RELINFRA,Way2Wealth,Manufacturing,,-0.061387607119314444
2017-04-17,reliance infrastructure limited,RELINFRA,HDFC Securities,Manufacturing,,0.02703177110760045
2017-02-28,reliance infrastructure limited,RELINFRA,ICICI Securities Limited,Manufacturing,,0.013947368421052712
2017-02-16,reliance infrastructure limited,RELINFRA,HDFC Securities,Manufacturing,,0.010808356039963753
2024-09-14,rail vikas nigam limited,RVNL,Consensus Share Price Target,Finance,,
2024-05-21,rail vikas nigam limited,RVNL,IDBI Capital,Finance,-11.338697878566203,0.08906705539358604
2024-02-12,rail vikas nigam limited,RVNL,IDBI Capital,Finance,8.013937282229968,0.1652078774617068
2022-08-12,rail vikas nigam limited,RVNL,IDBI Capital,Finance,35.70274636510501,-0.0048309178743962036
2021-07-01,rail vikas nigam limited,RVNL,IDBI Capital,Finance,12.324492979719198,-0.009202453987730192
2021-01-06,rail vikas nigam limited,RVNL,Way2Wealth,Finance,6.5449010654490065,0.14558058925476589
2024-09-14,borosil limited,BOROLTD,Consensus Share Price Target,Healthcare,,
2023-11-13,borosil limited,BOROLTD,Monarch Networth Capital Limited,Healthcare,37.60904287996068,-0.03708075428242405
2023-02-13,borosil limited,BOROLTD,Monarch Networth Capital Limited,Healthcare,50.99925980754997,0.015204803012540312
2022-08-10,borosil limited,BOROLTD,Monarch Networth Capital Limited,Healthcare,46.37702288963406,0.005740688882665872
2022-05-12,borosil limited,BOROLTD,Monarch Networth Capital Limited,Healthcare,41.309467734338206,0.00915217890786546
2022-02-10,borosil limited,BOROLTD,Monarch Networth Capital Limited,Healthcare,33.86149433137549,0.029648705758056056
2021-12-22,borosil limited,BOROLTD,Monarch Networth Capital Limited,Healthcare,,-0.0660498376047381
2021-11-17,borosil limited,BOROLTD,Monarch Networth Capital Limited,Healthcare,13.999088007295946,-0.014144677795727869
2021-08-03,borosil limited,BOROLTD,Monarch Networth Capital Limited,Healthcare,34.018315836497656,-0.04735553900180912
2023-12-05,goldiam international limited,GOLDIAM,Monarch Networth Capital Limited,Finance,37.78322106552356,0.037575757575757505
2024-09-14,go fashion (india) limited,GOCOLORS,Consensus Share Price Target,Consumer Goods,,
2024-07-25,go fashion (india) limited,GOCOLORS,Anand Rathi,Consumer Goods,21.368280764104842,0.03593958240781879
2024-07-25,go fashion (india) limited,GOCOLORS,ICICI Securities Limited,Consumer Goods,15.504220346512662,0.03593958240781879
2024-07-12,go fashion (india) limited,GOCOLORS,Emkay,Consumer Goods,24.84394506866418,-0.04768193824574199
2024-05-04,go fashion (india) limited,GOCOLORS,Emkay,Consumer Goods,24.598648583888448,-0.08448746825130576
2023-11-01,go fashion (india) limited,GOCOLORS,ICICI Securities Limited,Consumer Goods,16.897774911318923,-0.005997061042932566
2023-05-06,go fashion (india) limited,GOCOLORS,ICICI Securities Limited,Consumer Goods,29.14143213395084,-0.016476892163429378
2023-01-27,go fashion (india) limited,GOCOLORS,ICICI Securities Limited,Consumer Goods,36.32645642097611,-0.01930555555555547
2022-11-07,go fashion (india) limited,GOCOLORS,ICICI Securities Limited,Consumer Goods,18.212042851865533,-0.1298192771084338
2022-08-11,go fashion (india) limited,GOCOLORS,ICICI Securities Limited,Consumer Goods,31.400090620752152,0.016507703595011004
2022-05-10,go fashion (india) limited,GOCOLORS,ICICI Securities Limited,Consumer Goods,29.4949696184879,0.09740456473439714
2021-11-16,go fashion (india) limited,GOCOLORS,HDFC Securities,Consumer Goods,,-0.059009114279037156
2021-11-16,go fashion (india) limited,GOCOLORS,Ashika Research,Consumer Goods,,-0.059009114279037156
2021-11-16,go fashion (india) limited,GOCOLORS,ICICI Securities Limited,Consumer Goods,,-0.059009114279037156
2021-11-16,go fashion (india) limited,GOCOLORS,Ventura,Consumer Goods,,-0.059009114279037156
2024-09-14,camlin fine sciences limited,CAMLINFINE,Consensus Share Price Target,Technology,,
2024-08-13,camlin fine sciences limited,CAMLINFINE,Axis Direct,Technology,3.843167701863347,
2024-05-22,camlin fine sciences limited,CAMLINFINE,Axis Direct,Technology,26.515550869794417,-0.0031496062992125685
2024-02-12,camlin fine sciences limited,CAMLINFINE,Axis Direct,Technology,0.671140939597313,0.05381727158948688
2023-08-14,camlin fine sciences limited,CAMLINFINE,Axis Direct,Technology,23.48822406110758,-0.01783439490445867
2023-05-23,camlin fine sciences limited,CAMLINFINE,Axis Direct,Technology,22.128525734225075,-0.019354838709677486
2023-04-17,camlin fine sciences limited,CAMLINFINE,Axis Direct,Technology,9.190172884440404,0.05788362978595113
2023-02-15,camlin fine sciences limited,CAMLINFINE,Axis Direct,Technology,23.499142367066895,-0.07676630434782598
2022-11-16,camlin fine sciences limited,CAMLINFINE,Axis Direct,Technology,23.81883349625286,0.023142112125162862
2022-09-19,camlin fine sciences limited,CAMLINFINE,Axis Direct,Technology,11.57495256166983,-0.10022607385079114
2021-09-20,camlin fine sciences limited,CAMLINFINE,Axis Direct,Technology,27.900059488399766,0.10591715976331365
2021-06-01,camlin fine sciences limited,CAMLINFINE,Axis Direct,Technology,19.113573407202217,-0.04490358126721766
2021-05-17,camlin fine sciences limited,CAMLINFINE,Axis Direct,Technology,7.445255474452554,-0.003468208092485516
2021-02-19,camlin fine sciences limited,CAMLINFINE,Axis Direct,Technology,32.365499573014525,0.13288477712363317
2019-02-12,camlin fine sciences limited,CAMLINFINE,Emkay,Technology,48.51485148514852,0.047029702970296995
2018-02-17,camlin fine sciences limited,CAMLINFINE,Emkay,Technology,61.875276426360024,-0.007456140350877143
2016-09-06,camlin fine sciences limited,CAMLINFINE,HDFC Securities,Technology,7.142857142857137,-0.043944265809217516
2016-08-12,camlin fine sciences limited,CAMLINFINE,Phillip Capital,Technology,53.84615384615385,0.03321678321678332
2016-05-27,camlin fine sciences limited,CAMLINFINE,Phillip Capital,Technology,49.91671293725709,0.017932489451476824
2016-04-01,camlin fine sciences limited,CAMLINFINE,Phillip Capital,Technology,48.760330578512395,0.006027397260273942
2024-09-14,pg electroplast limited,PGEL,Consensus Share Price Target,Manufacturing,,
2024-06-21,pg electroplast limited,PGEL,Asit C Mehta Investment Intermediates,Manufacturing,28.489006705130205,0.10876481597005619
2021-12-09,pg electroplast limited,PGEL,ICICI Securities Limited,Manufacturing,,0.05590930268675265
2024-09-14,nrb bearing limited,NRBBEARING,Consensus Share Price Target,Manufacturing,,
2024-05-21,nrb bearing limited,NRBBEARING,ICICI Direct,Manufacturing,14.400114400114408,-0.1058740268931351
2023-12-11,nrb bearing limited,NRBBEARING,ICICI Direct,Manufacturing,12.469437652811736,-0.04480519480519484
2021-12-29,nrb bearing limited,NRBBEARING,ICICI Securities Limited,Manufacturing,38.888888888888886,0.149749373433584
2021-06-16,nrb bearing limited,NRBBEARING,ICICI Securities Limited,Manufacturing,34.770889487870626,0.008588498879761057
2021-02-08,nrb bearing limited,NRBBEARING,ICICI Securities Limited,Manufacturing,26.528890763390976,-0.03556485355648536
2020-12-17,nrb bearing limited,NRBBEARING,ICICI Securities Limited,Manufacturing,18.40688912809472,0.045309168443496806
2020-03-31,nrb bearing limited,NRBBEARING,ICICI Securities Limited,Manufacturing,-4.596704249783172,0.015306122448979689
2020-02-18,nrb bearing limited,NRBBEARING,ICICI Securities Limited,Manufacturing,-3.173749327595484,-0.019565217391304318
2019-10-31,nrb bearing limited,NRBBEARING,ICICI Securities Limited,Manufacturing,-12.883998165978907,-0.03342618384401122
2019-06-04,nrb bearing limited,NRBBEARING,ICICI Securities Limited,Manufacturing,8.791531902381646,-0.03141514973576055
2019-02-13,nrb bearing limited,NRBBEARING,Karvy,Manufacturing,8.37171498238959,-0.009047365620010734
2019-02-06,nrb bearing limited,NRBBEARING,HDFC Securities,Manufacturing,16.666666666666664,0.0016025641025641634
2019-02-06,nrb bearing limited,NRBBEARING,ICICI Securities Limited,Manufacturing,15.591397849462366,0.0016025641025641634
2018-11-06,nrb bearing limited,NRBBEARING,Karvy,Manufacturing,5.643591882123995,0.025014376078205832
2018-11-05,nrb bearing limited,NRBBEARING,ICICI Securities Limited,Manufacturing,25.0,0.04945054945054935
2018-11-03,nrb bearing limited,NRBBEARING,HDFC Securities,Manufacturing,30.76227779451643,0.05021897810218975
2018-08-14,nrb bearing limited,NRBBEARING,Karvy,Manufacturing,7.253739768557716,-0.012813370473537668
2018-08-13,nrb bearing limited,NRBBEARING,HDFC Securities,Manufacturing,20.622568093385212,-0.023888888888888953
2018-08-10,nrb bearing limited,NRBBEARING,ICICI Securities Limited,Manufacturing,20.786516853932586,-0.0064606741573034025
2018-05-24,nrb bearing limited,NRBBEARING,ICICI Securities Limited,Manufacturing,34.71177944862156,0.05196451204055759
2018-05-23,nrb bearing limited,NRBBEARING,HDFC Securities,Manufacturing,37.211508061966484,-0.001236093943139784
2018-05-23,nrb bearing limited,NRBBEARING,Karvy,Manufacturing,20.13910844135314,-0.001236093943139784
2018-02-28,nrb bearing limited,NRBBEARING,Karvy,Manufacturing,20.48192771084338,-0.021202531645569584
2018-02-15,nrb bearing limited,NRBBEARING,HDFC Securities,Manufacturing,24.961715160796324,-0.03393939393939391
2018-02-14,nrb bearing limited,NRBBEARING,Religare,Manufacturing,20.0,-0.06376638855780702
2018-02-14,nrb bearing limited,NRBBEARING,ICICI Securities Limited,Manufacturing,30.303030303030305,-0.06376638855780702
2017-11-09,nrb bearing limited,NRBBEARING,Religare,Manufacturing,19.930675909878683,-0.025969529085872575
2017-11-09,nrb bearing limited,NRBBEARING,ICICI Securities Limited,Manufacturing,17.85095320623917,-0.025969529085872575
2017-11-09,nrb bearing limited,NRBBEARING,Karvy,Manufacturing,10.918544194107453,-0.025969529085872575
2017-11-07,nrb bearing limited,NRBBEARING,HDFC Securities,Manufacturing,20.15368494586098,-0.03343568747867626
2017-08-18,nrb bearing limited,NRBBEARING,Religare,Manufacturing,13.934426229508196,-0.03291344981714748
2017-08-17,nrb bearing limited,NRBBEARING,ICICI Securities Limited,Manufacturing,10.16949152542373,-0.014583333333333334
2017-08-16,nrb bearing limited,NRBBEARING,Karvy,Manufacturing,15.15664690939882,0.0
2017-08-14,nrb bearing limited,NRBBEARING,HDFC Securities,Manufacturing,37.02127659574468,0.00847457627118644
2017-06-09,nrb bearing limited,NRBBEARING,Karvy,Manufacturing,3.951584193663234,-0.011071428571428652
2017-05-31,nrb bearing limited,NRBBEARING,HDFC Securities,Manufacturing,37.3134328358209,0.07754237288135599
2017-05-30,nrb bearing limited,NRBBEARING,Religare,Manufacturing,14.782608695652174,0.06755023514322353
2017-05-29,nrb bearing limited,NRBBEARING,ICICI Securities Limited,Manufacturing,5.534105534105536,0.05169491525423724
2017-05-24,nrb bearing limited,NRBBEARING,HDFC Securities,Manufacturing,40.36617262423714,0.014224137931034532
2017-02-09,nrb bearing limited,NRBBEARING,Karvy,Manufacturing,7.269503546099293,-0.028156621205455368
2017-02-09,nrb bearing limited,NRBBEARING,ICICI Securities Limited,Manufacturing,1.9503546099290805,-0.028156621205455368
2016-12-22,nrb bearing limited,NRBBEARING,Karvy,Manufacturing,10.2803738317757,-0.033636363636363666
2016-11-15,nrb bearing limited,NRBBEARING,ICICI Securities Limited,Manufacturing,8.597285067873303,-0.05394736842105268
2016-08-17,nrb bearing limited,NRBBEARING,ICICI Securities Limited,Manufacturing,14.811568799298866,0.005517826825127383
2016-05-27,nrb bearing limited,NRBBEARING,ICICI Securities Limited,Manufacturing,9.734513274336283,-0.00913043478260867
2015-11-17,nrb bearing limited,NRBBEARING,ICICI Securities Limited,Manufacturing,-6.25,0.059722222222222184
2023-12-19,aurionpro solutions limited,AURIONPRO,Ventura,Finance,41.90916240660636,0.08051456310679618
2015-02-12,aurionpro solutions limited,AURIONPRO,BOB Capital Markets Ltd.,Finance,72.88444040036397,-0.03746447334424248
2018-11-19,rain industries limited,RAIN,Motilal Oswal,Manufacturing,27.713920817369097,-0.04487179487179487
2018-08-16,rain industries limited,RAIN,IDBI Capital,Manufacturing,35.16609392898053,-0.08029674885446217
2018-05-14,rain industries limited,RAIN,IDBI Capital,Manufacturing,55.020080321285135,-0.1060240963855422
2018-03-01,rain industries limited,RAIN,IDBI Capital,Manufacturing,44.57831325301204,0.07895830447430392
2018-03-01,rain industries limited,RAIN,Motilal Oswal,Manufacturing,32.945575405068546,0.07895830447430392
2017-11-10,rain industries limited,RAIN,IDBI Capital,Manufacturing,7.801418439716312,-0.14922680412371128
2017-11-08,rain industries limited,RAIN,Motilal Oswal,Manufacturing,44.72716575967055,0.001917808219178051
2017-11-08,rain industries limited,RAIN,AUM Capital,Manufacturing,17.478510028653297,0.001917808219178051
2017-11-01,rain industries limited,RAIN,Motilal Oswal,Manufacturing,38.194311891582366,0.2417883211678832
2017-08-14,rain industries limited,RAIN,IDBI Capital,Manufacturing,19.850187265917597,0.137603305785124
2017-05-08,rain industries limited,RAIN,IDBI Capital,Manufacturing,27.75735294117647,-0.01917808219178077
2017-02-27,rain industries limited,RAIN,IDBI Capital,Manufacturing,21.821407451212306,0.2066744730679156
